active_through,candidate_id,candidate_inactive,candidate_status,cycles,district,district_number,election_districts,election_years,federal_funds_flag,first_file_date,has_raised_funds,inactive_election_years,incumbent_challenge,incumbent_challenge_full,last_f2_date,last_file_date,load_date,name,office,office_full,party,party_full,state
2024,P40014052,False,N,[2024],00,0.0,['00'],[2024],False,2023-06-24,False,,C,Challenger,2023-06-24,2023-06-24,2023-07-10T21:05:09,"212 N HALF  W. JOHN, RODNEY HOWARD MR.",P,President,IND,INDEPENDENT,US
2024,P40013401,False,N,[2024],00,0.0,['00'],[2024],False,2023-06-04,False,,C,Challenger,2023-06-04,2023-06-04,2023-06-08T21:05:05,"375 ROB ROY DR, DAVID J SR SR",P,President,DEM,DEMOCRATIC PARTY,US
2024,P40013393,False,N,[2024],00,0.0,['00'],[2024],False,2023-06-04,False,,C,Challenger,2023-06-04,2023-06-04,2023-06-08T21:05:05,"375 ROB ROY DR, DAVID J SR SR",P,President,DEM,DEMOCRATIC PARTY,US
2020,P00011569,False,N,"[2020, 2022]",00,0.0,['00'],[2020],False,2019-04-23,False,,C,Challenger,2019-04-23,2019-04-23,2021-12-08T06:50:50,"753, JO",P,President,NNE,NONE,US
2004,P40002172,False,N,"[2002, 2004]",00,0.0,['00'],[2004],False,2002-01-30,False,,C,Challenger,2002-01-30,2002-01-30,2002-04-12T00:00:00,"AABBATTE, MICHAEL THOMAS WITORT",P,President,IND,INDEPENDENT,US
2022,S2CO00175,False,P,"[2022, 2024]",00,0.0,['00'],[2022],False,2021-06-04,False,,C,Challenger,2021-06-04,2021-06-04,2023-03-09T10:16:03,"AADLAND, ERIK",S,Senate,REP,REPUBLICAN PARTY,CO
2022,H2CO07170,False,P,"[2022, 2024]",07,7.0,['07'],[2022],False,2021-12-27,True,,O,Open seat,2022-08-10,2022-08-10,2023-03-09T10:16:03,"AADLAND, ERIK",H,House,REP,REPUBLICAN PARTY,CO
2022,H2UT03280,False,C,[2022],03,3.0,['03'],[2022],False,2020-03-24,True,,C,Challenger,2022-03-21,2022-03-21,2022-04-13T21:10:09,"AALDERS, TIM",H,House,REP,REPUBLICAN PARTY,UT
2018,S2UT00229,False,P,"[2012, 2014, 2016, 2018, 2020]",00,0.0,"['00', '00']","[2012, 2018]",False,2012-02-08,True,,O,Open seat,2018-04-23,2018-04-23,2019-03-27T16:02:41,"AALDERS, TIMOTHY NOEL",S,Senate,CON,CONSTITUTION PARTY,UT
2020,H0TX22260,False,C,[2020],22,22.0,['22'],[2020],False,2019-10-17,True,,O,Open seat,2019-10-17,2019-10-17,2020-03-18T21:13:37,"AALOORI, BANGAR REDDY",H,House,REP,REPUBLICAN PARTY,TX
1978,H6PA16106,False,P,"[1976, 1978, 1980]",16,16.0,"['16', '16']","[1976, 1978]",False,1976-04-12,True,,,,1978-07-05,1978-07-05,2002-03-30T00:00:00,"AAMODT, NORMAN O.",H,House,REP,REPUBLICAN PARTY,PA
2012,H2CA01110,False,P,"[2012, 2014, 2016]",01,1.0,['01'],[2012],False,2012-02-22,True,,C,Challenger,2012-02-22,2012-02-22,2013-04-26T09:04:30,"AANESTAD, SAMUEL",H,House,REP,REPUBLICAN PARTY,CA
2018,H8CO06237,False,C,[2018],06,6.0,['06'],[2018],False,2017-04-26,True,,C,Challenger,2017-04-26,2017-04-26,2017-08-01T20:57:28,"AARESTAD, DAVID",H,House,DEM,DEMOCRATIC PARTY,CO
1998,H8CA18053,False,N,[1998],18,18.0,['18'],[1998],False,,False,,C,Challenger,,,2002-04-03T00:00:00,"AAROE, KEN",H,House,LIB,LIBERTARIAN PARTY,CA
2008,P80002926,False,N,"[2006, 2008, 2010, 2012, 2014, 2016]",00,0.0,['00'],[2008],False,2005-10-12,True,,O,Open seat,2007-03-13,2007-03-13,2016-11-17T06:10:48,"AARON, LAURA DAVIS",P,President,DEM,DEMOCRATIC PARTY,US
2020,H0FL21102,False,N,[2020],21,21.0,['21'],[2020],False,2019-11-20,False,,C,Challenger,2019-11-20,2019-11-20,2019-11-25T21:06:05,"AARONS, ADAM",H,House,DEM,DEMOCRATIC PARTY,FL
2024,H4OR05312,False,C,[2024],05,5.0,['05'],[2024],False,2023-07-24,True,,C,Challenger,2023-07-24,2023-07-24,2023-10-16T21:03:02,"AASEN, ANDREW J",H,House,NON,NON-PARTY,OR
2024,H2CA30291,False,N,"[2022, 2024]",32,32.0,"['32', '32']","[2022, 2024]",False,2021-01-16,True,,C,Challenger,2022-07-15,2022-07-15,2023-01-12T22:24:01,"AAZAMI, SHERVIN",H,House,DEM,DEMOCRATIC PARTY,CA
2016,P60016326,False,N,[2016],00,0.0,['00'],[2016],False,2015-09-30,False,,O,Open seat,2015-09-30,2015-09-30,2016-11-17T06:10:49,"ABABIY, JON",P,President,PAF,PEACE AND FREEDOM,US
2022,H2MN07162,False,P,"[2022, 2024]",07,7.0,['07'],[2022],False,2022-06-06,True,,C,Challenger,2022-06-06,2022-06-06,2023-03-09T10:16:03,"ABAHSAIN, JILL",H,House,DFL,DEMOCRATIC-FARMER-LABOR,MN
2000,H0MA01024,False,P,"[2000, 2002, 2004]",01,1.0,['01'],[2000],False,2000-02-02,True,,C,Challenger,2000-02-02,2000-02-02,2002-04-12T00:00:00,"ABAIR, PETER JON",H,House,REP,REPUBLICAN PARTY,MA
2024,P40008203,False,N,"[2022, 2024]",00,0.0,['00'],[2024],False,2022-06-16,False,,C,Challenger,2022-06-16,2022-06-16,2023-01-12T22:24:01,"ABAIR, REBECCA GAIL MS.",P,President,REP,REPUBLICAN PARTY,US
2024,P40009169,False,N,"[2022, 2024]",00,0.0,['00'],[2024],False,2022-10-10,False,,C,Challenger,2022-10-10,2022-10-10,2023-01-12T22:24:01,"ABAIR, REBECCA GAIL MS. PHD",P,President,REP,REPUBLICAN PARTY,US
2012,H2MT00039,False,N,"[2012, 2014, 2016, 2018]",00,0.0,['00'],[2012],False,2011-05-25,False,,O,Open seat,2011-10-03,2011-10-03,2011-10-04T23:20:42,"ABARR, JOHN ALLEN",H,House,DEM,DEMOCRATIC PARTY,MT
2008,H6NJ05155,False,C,"[2006, 2008]",05,5.0,"['05', '05']","[2006, 2008]",False,2006-03-28,True,,C,Challenger,2007-06-05,2007-06-05,2009-04-29T00:00:00,"ABATE, CAMILLE M",H,House,DEM,DEMOCRATIC PARTY,NJ
2018,H6AZ03245,False,N,"[2016, 2018]",03,3.0,"['03', '03']","[2016, 2018]",False,2017-04-10,False,,C,Challenger,2017-04-10,2017-04-10,2017-04-19T21:05:08,"ABATECOLA, BILL",H,House,REP,REPUBLICAN PARTY,AZ
1992,H2NJ12036,False,P,"[1992, 1994, 1996, 1998]",12,12.0,['12'],[1992],False,1992-04-15,True,,C,Challenger,1992-04-15,1992-04-15,2002-04-03T00:00:00,"ABATE, FRANK G",H,House,DEM,DEMOCRATIC PARTY,NJ
1990,H0IA03071,False,C,[1990],03,3.0,['03'],[1990],False,1990-05-01,True,,C,Challenger,1990-05-01,1990-05-01,2002-03-30T00:00:00,"ABBAS, JEFFREY LYN",H,House,REP,REPUBLICAN PARTY,IA
1998,H8CT03042,False,N,[1998],03,3.0,['03'],[1998],False,,False,,C,Challenger,,,2002-04-03T00:00:00,"ABBATIELLO, KRISTEN J",H,House,OTH,OTHER,CT
2024,H0TX36039,False,N,"[2020, 2024]",38,38.0,"[None, '38']","[2020, 2024]",False,,False,,C,Challenger,,,2024-03-05T21:00:08,"ABBEY, CHAD",H,House,LIB,LIBERTARIAN PARTY,TX
2024,H4CA32152,False,N,[2024],32,32.0,['32'],[2024],False,2023-12-03,True,,C,Challenger,2024-02-07,2024-02-07,2024-02-08T21:02:32,"ABBITT, DAVE",H,House,DEM,DEMOCRATIC PARTY,CA
1994,H4TX15043,False,C,[1994],15,15.0,['15'],[1994],False,1994-01-14,True,,C,Challenger,1994-01-14,1994-01-14,2002-03-30T00:00:00,"ABBOTT, BONNIE",H,House,REP,REPUBLICAN PARTY,TX
2016,P60005840,False,N,[2016],00,0.0,['00'],[2016],False,2015-02-26,False,,O,Open seat,2015-02-26,2015-02-26,2016-11-17T06:10:49,"ABBOTT, GIFFORD WHEELER JR",P,President,IND,INDEPENDENT,US
1996,H6SD00077,False,P,"[1996, 1998]",01,1.0,['00'],[1996],False,1995-10-02,True,,C,Challenger,1995-10-02,1995-10-02,2002-04-03T00:00:00,"ABBOTT, JAMES W",H,House,DEM,DEMOCRATIC PARTY,SD
1992,P80002579,False,P,"[1988, 1990, 1992, 1994, 1996, 1998]",00,0.0,"['00', '00']","[1988, 1992]",True,1988-08-29,True,,C,Challenger,1992-06-16,1992-06-16,2002-04-03T00:00:00,"ABBOTT, JOHN HANCOCK",P,President,DEM,DEMOCRATIC PARTY,US
1988,S6CA00345,False,N,"[1986, 1988]",00,0.0,"['00', '00']","[1986, 1988]",False,1988-05-16,True,,C,Challenger,1988-08-29,1988-08-29,2005-05-26T00:00:00,"ABBOTT, JOHN HANCOCK",S,Senate,DEM,DEMOCRATIC PARTY,CA
2022,S2VT00359,False,N,[2022],,,[None],[2022],False,,False,,O,Open seat,,,2022-10-26T21:15:05,"ABBOTT, MARTHA",S,Senate,OTH,OTHER,VT
2004,H2TX18082,False,P,"[2002, 2004]",18,18.0,"['18', '18']","[2002, 2004]",False,2002-03-12,True,,C,Challenger,2002-03-12,2002-03-12,2005-03-02T00:00:00,"ABBOTT, PHILLIP J.",H,House,REP,REPUBLICAN PARTY,TX
2000,H4KY03095,False,P,"[1994, 1996, 2000]",03,3.0,"['03', '03', '03']","[1994, 1996, 2000]",False,1994-05-11,True,,C,Challenger,2000-05-25,2000-05-25,2002-04-07T00:00:00,"ABBOTT, RAYMOND H",H,House,DEM,DEMOCRATIC PARTY,KY
2014,H4MI03201,False,N,"[2012, 2014]",03,3.0,['03'],[2014],False,2012-11-16,False,,C,Challenger,2012-11-16,2012-11-16,2013-01-03T22:17:08,"ABBOTT, RICHARD ALLEN IV",H,House,DEM,DEMOCRATIC PARTY,MI
2004,H2IN04101,False,P,"[2002, 2004, 2006, 2008]",04,4.0,"['04', '04']","[2002, 2004]",False,2002-06-05,True,,C,Challenger,2004-01-22,2004-01-22,2004-01-29T00:00:00,"ABBOTT, WILLIAM ANTHONY",H,House,DEM,DEMOCRATIC PARTY,IN
1988,H8NE02089,False,P,"[1988, 1990, 1992, 1994, 1996]",02,2.0,['02'],[1988],False,1987-11-09,True,,C,Challenger,1987-11-09,1987-11-09,2002-04-02T00:00:00,"ABBOUD, CHRIS",H,House,REP,REPUBLICAN PARTY,NE
2018,S8AZ00122,False,P,"[2018, 2020]",00,0.0,['00'],[2018],False,2017-04-11,True,,O,Open seat,2017-04-11,2017-04-11,2019-03-27T16:02:41,"ABBOUD, DEEDRA",S,Senate,DEM,DEMOCRATIC PARTY,AZ
2008,H8IL16062,False,P,"[2008, 2010, 2012]",16,16.0,['16'],[2008],False,2007-08-03,True,,C,Challenger,2007-08-03,2007-08-03,2008-01-07T21:45:39,"ABBOUD, ROBERT",H,House,DEM,DEMOCRATIC PARTY,IL
2006,H6OH13224,False,N,[2006],13,13.0,['13'],[2006],False,2006-11-28,False,,O,Open seat,,2007-02-12,2006-07-21T00:00:00,"ABBOUD, RUTH NADER",H,House,REP,REPUBLICAN PARTY,OH
2020,H0VA10152,False,N,"[2018, 2020, 2022, 2024]",10,10.0,['10'],[2020],False,2018-11-10,False,,C,Challenger,2018-11-10,2018-11-28,2019-01-28T21:05:11,"ABDALLAH, UNIT89487",H,House,W,WRITE-IN,VA
2022,H2NY12197,False,P,"[2022, 2024]",12,12.0,['12'],[2022],False,2021-04-13,True,,C,Challenger,2021-04-13,2021-04-13,2023-03-09T10:16:03,"ABDELHAMID, RANA",H,House,DEM,DEMOCRATIC PARTY,NY
1980,H0NY39012,False,P,"[1980, 1982, 1984]",39,39.0,['39'],[1980],False,1980-05-22,True,,,,1980-05-22,1980-05-22,2002-03-30T00:00:00,"ABDELLA, JAMES",H,House,REP,REPUBLICAN PARTY,NY
2022,H2MN05174,False,P,"[2022, 2024]",05,5.0,['05'],[2022],False,2021-09-24,False,,C,Challenger,2021-09-24,2021-09-24,2023-03-09T10:16:03,"ABDIRAHMAN, SHUKRI ABDULLAHI MS.",H,House,REP,REPUBLICAN PARTY,MN
1986,S0SD00054,False,P,"[1980, 1982, 1984, 1986, 1988, 1990, 1992, 1994, 1996, 1998, 2000, 2002, 2004]",00,0.0,"['00', '00']","[1980, 1986]",False,1980-02-15,True,,C,Challenger,1986-09-09,1987-02-19,2002-04-12T00:00:00,"ABDNOR, JAMES",S,Senate,REP,REPUBLICAN PARTY,SD
1980,H6SD02024,False,P,"[1976, 1978, 1980]",02,2.0,"['02', '02', '02']","[1976, 1978, 1980]",False,1976-01-26,False,,I,Incumbent,1980-02-27,1980-02-27,2002-03-30T00:00:00,"ABDNOR, JAMES",H,House,REP,REPUBLICAN PARTY,SD
2018,H8MN05163,False,C,[2018],05,5.0,['05'],[2018],False,2017-01-18,True,,O,Open seat,2018-07-09,2018-07-09,2018-08-07T21:19:28,"ABDULAHI, JAMAL MR.",H,House,DEM,DEMOCRATIC PARTY,MN
2016,P60012838,False,N,[2016],00,0.0,['00'],[2016],False,2015-08-25,False,,O,Open seat,2015-08-25,2015-08-25,2016-11-17T06:10:49,"ABDULHAMID, AMMAR",P,President,IND,INDEPENDENT,US
2024,P40013088,False,N,[2024],00,0.0,['00'],[2024],False,2023-05-25,False,,C,Challenger,2023-05-25,2023-05-25,2023-06-08T21:05:05,"ABDULLAHI, FUAD",P,President,AIP,AMERICAN INDEPENDENT PARTY,US
2022,H2OH09197,False,N,[2022],09,9.0,['09'],[2022],False,2022-02-22,False,,C,Challenger,2022-02-22,2022-02-22,2022-03-14T21:09:28,"ABDULLAHI, MUNIRA YASIN",H,House,DEM,DEMOCRATIC PARTY,OH
1984,H4CA29018,False,N,[1984],29,29.0,['29'],[1984],False,1983-12-12,False,,,,1983-12-12,1983-12-12,2002-03-30T00:00:00,"ABDULLAH, MUHAMMAD",H,House,IND,INDEPENDENT,CA
1989,H0TX18136,False,N,"[1990, 1992, 1994, 1996]",18,18.0,['18'],[1989],False,1989-10-10,False,,C,Challenger,1989-10-10,1989-10-10,2002-04-02T00:00:00,"ABDUL-RAHMAN, SOLOMON",H,House,REP,REPUBLICAN PARTY,TX
2022,H0CA50129,False,C,"[2020, 2022]",50,50.0,"['50', '50']","[2020, 2022]",False,2019-07-02,True,,C,Challenger,2019-10-14,2019-10-14,2021-10-17T01:37:37,"ABED, SAM",H,House,REP,REPUBLICAN PARTY,CA
1980,H0KS02048,False,N,[1980],02,2.0,['02'],[1980],False,,True,,,,,,2002-03-30T00:00:00,"ABELDT, LARRY",H,House,REP,REPUBLICAN PARTY,KS
2014,S4MN00353,False,P,"[2014, 2016]",00,0.0,['00'],[2014],False,2013-07-08,True,,C,Challenger,2013-07-08,2013-07-08,2016-11-17T06:10:49,"ABELER, JAMES J",S,Senate,REP,REPUBLICAN PARTY,MN
1992,H2CA09022,False,N,[1992],09,9.0,['09'],[1992],False,,False,,C,Challenger,,,2002-03-30T00:00:00,"ABEL, HELEN R",H,House,PAF,PEACE AND FREEDOM,CA
2024,P40014888,False,N,[2024],00,0.0,['00'],[2024],False,2023-08-14,False,,C,Challenger,2023-08-14,2023-08-23,2023-08-18T21:04:10,"ABEL, JESSICA L",P,President,REP,REPUBLICAN PARTY,US
1992,H2ID01069,False,N,[1992],01,1.0,['01'],[1992],False,,False,,C,Challenger,,,2002-03-30T00:00:00,"ABEL, JOHN",H,House,IND,INDEPENDENT,ID
2018,H8GA06377,False,P,"[2018, 2020]",06,6.0,['06'],[2018],False,2017-10-20,True,,C,Challenger,2017-10-20,2017-10-20,2019-03-27T16:02:41,"ABEL, KEVIN",H,House,DEM,DEMOCRATIC PARTY,GA
1982,H2TX23033,False,N,[1982],23,23.0,['23'],[1982],False,,False,,,,,,2002-03-30T00:00:00,"ABELL, PARKER",H,House,LIB,LIBERTARIAN PARTY,TX
1984,H4TX23039,False,N,"[1984, 1986, 1988, 1990, 1992]",23,23.0,['23'],[1984],False,1984-02-09,False,,C,Challenger,1984-02-21,1984-02-21,2002-03-30T00:00:00,"ABELL, PARKER E",H,House,LIB,LIBERTARIAN PARTY,TX
2000,S0MI00155,False,P,"[2000, 2002]",00,0.0,['00'],[2000],False,2000-08-28,True,,C,Challenger,2000-08-28,2000-08-28,2002-04-12T00:00:00,"ABEL, MATTHEW R",S,Senate,UNK,UNKNOWN,MI
2006,H6MI09179,False,N,[2006],09,9.0,['09'],[2006],False,,False,,C,Challenger,,,2006-09-19T00:00:00,"ABEL, MATTHEW R.",H,House,GRE,GREEN PARTY,MI
2022,H2NY04251,False,N,"[2022, 2024]",04,4.0,['04'],[2022],False,2022-02-25,False,,C,Challenger,2022-02-25,2022-02-25,2022-03-14T21:09:28,"ABELOVE, JASON L",H,House,DEM,DEMOCRATIC PARTY,NY
2024,H4TX31057,False,C,[2024],31,31.0,['31'],[2024],False,2023-04-19,True,,C,Challenger,2023-04-19,2023-04-19,2024-01-30T21:02:09,"ABEL, WILLIAM",H,House,REP,REPUBLICAN PARTY,TX
2020,H0FL05162,False,N,[2020],05,5.0,['05'],[2020],False,2019-12-17,False,,C,Challenger,2019-12-17,2019-12-17,2019-12-30T21:08:41,"ABENCHUCHAN, ISAIAH",H,House,DEM,DEMOCRATIC PARTY,FL
2018,H8ND00120,False,N,"[2018, 2020, 2022]",00,0.0,['00'],[2018],False,,False,,O,Open seat,,,2018-05-17T21:10:29,"ABENTROTH, TIFFANY",H,House,REP,REPUBLICAN PARTY,ND
2010,H6HI01121,False,P,"[1986, 1988, 1990, 1992, 1994, 1996, 1998, 2000, 2002, 2004, 2006, 2008, 2010, 2012]",01,1.0,"['01', '01', '01', '01', '01', '01', '01', '01', '01', '01', '01', '01', '01']","[1986, 1988, 1990, 1992, 1994, 1996, 1998, 2000, 2002, 2004, 2006, 2008, 2010]",False,1986-01-31,True,[2010],C,Challenger,2008-11-05,2008-11-05,2011-02-24T10:53:11,"ABERCROMBIE, NEIL",H,House,DEM,DEMOCRATIC PARTY,HI
2008,H8IL08093,False,N,[2008],08,8.0,['08'],[2008],False,,False,,C,Challenger,,,2007-12-10T00:00:00,"ABERNATHY, IAIN",H,House,OTH,OTHER,IL
2020,H0IN05268,False,C,[2020],05,5.0,['05'],[2020],False,2019-10-07,True,,O,Open seat,2019-10-07,2019-10-07,2020-02-24T21:12:33,"ABERNATHY, KENT",H,House,REP,REPUBLICAN PARTY,IN
1992,H2MO03043,False,N,[1992],03,3.0,['03'],[1992],False,1992-07-06,False,,C,Challenger,,1992-07-06,2002-03-30T00:00:00,"ABERNATHY, NED L.",H,House,DEM,DEMOCRATIC PARTY,MO
1977,H6GA05134,False,P,"[1978, 1980, 1982, 1984]",05,5.0,['05'],[1977],False,1977-02-11,True,,C,Challenger,1977-02-11,1980-07-27,2002-03-30T00:00:00,"ABERNATHY, RALPH DAVID",H,House,DEM,DEMOCRATIC PARTY,GA
1984,H4AR01010,False,N,[1984],01,1.0,['01'],[1984],False,,False,,,,,,2002-03-30T00:00:00,"ABERNATHY, STEVE",H,House,DEM,DEMOCRATIC PARTY,AR
1984,H4PA20012,False,C,[1984],20,20.0,['20'],[1984],False,1984-02-29,True,,,,1984-02-29,1984-02-29,2002-03-30T00:00:00,"ABER, ROBERT M",H,House,DEM,DEMOCRATIC PARTY,PA
2024,H4OH15075,False,C,[2024],15,15.0,['15'],[2024],False,2023-10-13,True,,C,Challenger,2023-10-13,2023-10-13,2023-10-29T21:00:13,"ABID, ZERQA",H,House,DEM,DEMOCRATIC PARTY,OH
2024,P40020059,False,N,[2024],00,0.0,['00'],[2024],False,2024-05-24,False,,C,Challenger,2024-05-24,2024-05-28,2024-06-04T21:13:18,"ABITTAN, ALEXANDER",P,President,DEM,DEMOCRATIC PARTY,US
2022,H2HI01146,False,N,[2022],01,1.0,['01'],[2022],False,,False,,C,Challenger,,,2022-08-15T21:09:17,"ABKIN, STEVEN L.",H,House,N,NONPARTISAN,HI
1988,H8CT04131,False,N,[1988],04,4.0,['04'],[1988],False,,False,,O,Open seat,,,2002-03-30T00:00:00,"ABLE, ALAN",H,House,UNK,UNKNOWN,CT
2016,P60014461,False,N,"[2016, 2018]",00,0.0,['00'],[2016],False,2015-09-02,False,,O,Open seat,2015-09-02,2015-09-02,2018-02-17T09:16:20,"ABLEIDINGER, PHILL ALEXANDER",P,President,DEM,DEMOCRATIC PARTY,US
2014,S4LA00156,False,P,"[2014, 2016]",00,0.0,['00'],[2014],False,2014-09-12,True,,C,Challenger,2014-09-12,2014-09-12,2016-11-17T06:10:49,"ABLES, MURIEL WAYNE",S,Senate,DEM,DEMOCRATIC PARTY,LA
2016,P60020690,False,N,"[2016, 2018]",00,0.0,['00'],[2016],False,2016-03-22,False,,O,Open seat,2016-07-18,2016-07-18,2018-02-17T09:16:20,"ABLO, ANDY",P,President,IND,INDEPENDENT,US
2004,H4KY06122,False,N,[2004],06,6.0,['06'],[2004],False,,False,,O,Open seat,,,2004-09-16T00:00:00,"ABNER, STACY",H,House,CST,CONSTITUTIONAL,KY
2023,H4RI01281,False,C,[2024],01,1.0,['01'],[2023],False,2023-04-27,True,,O,Open seat,2023-04-27,2023-04-27,2023-07-13T21:06:27,"ABNEY, MARVIN L.",H,House,DEM,DEMOCRATIC PARTY,RI
2024,H4TN05145,False,C,[2024],05,5.0,['05'],[2024],False,2024-04-13,True,,C,Challenger,2024-04-13,2024-04-13,2024-07-16T21:10:06,"ABOLFAZLI, MARYAM.",H,House,DEM,DEMOCRATIC PARTY,TN
2012,H2AZ02279,False,P,"[2012, 2014]",02,2.0,['02'],[2012],False,2012-02-15,True,,C,Challenger,2012-02-15,2012-02-15,2013-04-26T09:04:30,"ABOUD, PAULA ANN",H,House,DEM,DEMOCRATIC PARTY,AZ
2024,H4FL02112,False,C,[2024],12,12.0,['12'],[2024],False,2024-04-23,True,,C,Challenger,2024-04-26,2024-04-26,2024-07-16T21:10:06,"ABOUJAOUDE, ROCK ADEL MR. JR",H,House,DEM,DEMOCRATIC PARTY,FL
1994,H4FL22029,False,N,[1994],22,22.0,['22'],[1994],False,1994-03-28,False,,C,Challenger,1994-03-28,1994-03-28,2002-03-30T00:00:00,"ABOUMRAD, ARTHUR G MR",H,House,IND,INDEPENDENT,FL
2016,P60005766,False,N,"[2016, 2018, 2020, 2022, 2024]",00,0.0,['00'],[2016],False,2015-01-29,False,,O,Open seat,2016-07-08,2016-07-08,2021-12-08T06:50:50,"ABOVE, ZERO, NONE OF THE",P,President,W,WRITE-IN,US
2016,P60022233,False,N,[2016],00,0.0,['00'],[2016],False,,False,,O,Open seat,,,2016-11-17T06:10:49,"ABOZAID, ABDULRAQEEB",P,President,DEM,DEMOCRATIC PARTY,US
2016,P60022290,False,N,"[2016, 2018]",00,0.0,['00'],[2016],False,2016-07-21,False,,O,Open seat,2016-07-21,2016-07-21,2018-02-17T09:16:20,"ABOZAID, ABDULRAQEEBB MR.",P,President,IND,INDEPENDENT,US
2014,H4UT03187,False,N,[2014],03,3.0,['03'],[2014],False,,False,,C,Challenger,,,2014-03-21T22:05:09,ABRAHAM,H,House,IAP,INDEPENDENT AMERICAN PARTY,UT
2020,H4LA05221,True,C,"[2014, 2016, 2018, 2020]",05,5.0,"['05', '05', '05', '05']","[2014, 2016, 2018, 2020]",False,2014-05-23,True,[2020],I,Incumbent,2019-07-22,2019-07-22,2019-07-29T21:14:14,"ABRAHAM, RALPH LEE DR. JR.",H,House,REP,REPUBLICAN PARTY,LA
1988,H6CA24097,False,N,"[1986, 1988]",24,24.0,"['24', '24']","[1986, 1988]",False,,False,,C,Challenger,,,2002-03-30T00:00:00,"ABRAHAMS, GEORGE",H,House,LIB,LIBERTARIAN PARTY,CA
2024,H4GA06137,False,C,[2024],07,7.0,['07'],[2024],False,2023-07-06,True,,C,Challenger,2024-01-18,2024-01-18,2024-01-18T21:01:50,"ABRAHAM, SHELLY JOHN",H,House,DEM,DEMOCRATIC PARTY,GA
2014,H4NY04067,False,P,"[2014, 2016]",04,4.0,['04'],[2014],False,2014-02-03,True,,O,Open seat,2014-02-03,2014-02-03,2015-04-02T15:52:44,"ABRAHAMS, KEVAN",H,House,DEM,DEMOCRATIC PARTY,NY
2022,H2MN01371,False,N,[2022],01,1.0,['01'],[2022],False,,False,,C,Challenger,,,2022-08-15T21:09:17,"ABRAHAMSON, BRIAN",H,House,OTH,OTHER,MN
2000,S4MI00165,False,P,"[1994, 1996, 1998, 2000, 2002, 2004]",00,0.0,"['00', '00']","[1994, 2000]",False,1993-06-14,True,,C,Challenger,1999-04-28,1999-04-28,2002-04-12T00:00:00,"ABRAHAM, SPENCER SENATOR",S,Senate,REP,REPUBLICAN PARTY,MI
2024,P40006546,False,N,"[2022, 2024]",00,0.0,['00'],[2024],False,2021-09-26,False,,C,Challenger,2021-09-26,2021-09-26,2023-01-12T22:24:01,"ABRAHAM, TERRANCE",P,President,IND,INDEPENDENT,US
2024,P40007429,False,N,"[2022, 2024]",00,0.0,['00'],[2024],False,2022-02-22,False,,C,Challenger,2023-02-18,2023-02-18,2023-02-19T21:09:47,"ABRAHAM, TERRANCE MORKEECH",P,President,IND,INDEPENDENT,US
2024,P40006538,False,N,"[2022, 2024]",00,0.0,['00'],[2024],False,2021-09-25,False,,C,Challenger,2021-09-25,2021-09-25,2023-01-12T22:24:01,"ABRAHAM, TERRANCE MORKEECH",P,President,AIP,AMERICAN INDEPENDENT PARTY,US
1988,H8OH18054,False,P,"[1988, 1990, 1992]",18,18.0,['18'],[1988],False,1988-09-13,True,,C,Challenger,1988-09-13,1988-09-13,2002-03-30T00:00:00,"ABRAHAM, WILLIAM C",H,House,REP,REPUBLICAN PARTY,OH
1990,P80000219,False,P,"[1986, 1988, 1990, 1992, 1994, 1996]",00,0.0,"['00', '00']","[1988, 1990]",False,1985-10-15,True,,C,Challenger,1988-07-06,1988-07-06,2002-04-02T00:00:00,"ABRAM, ALFRED JR",P,President,DEM,DEMOCRATIC PARTY,US
1988,P80000243,False,N,"[1986, 1988, 1990, 1992, 1994, 1996]",00,0.0,['00'],[1988],False,1985-11-22,False,,C,Challenger,1985-11-22,1985-11-22,2002-04-02T00:00:00,"ABRAMCZYK, THOMAS JEFFERY",P,President,UNK,UNKNOWN,US
1986,H6MO07086,False,N,[1986],07,7.0,['07'],[1986],False,1986-07-15,True,,C,Challenger,1986-07-18,1986-07-18,2002-03-30T00:00:00,"ABRAMOVITZ, GEORGE E",H,House,DEM,DEMOCRATIC PARTY,MO
1988,S8NJ00020,False,N,"[1978, 1984, 1986, 1988]",00,0.0,"['00', '00']","[1978, 1988]",False,1977-10-17,False,,C,Challenger,1984-08-27,1984-08-27,2005-05-26T00:00:00,"ABRAMS, BRUCE I",S,Senate,REP,REPUBLICAN PARTY,NJ
2018,H8NM01356,False,N,[2018],01,1.0,['01'],[2018],False,2017-05-16,True,,O,Open seat,2017-05-16,2017-05-16,2018-01-09T21:09:43,"ABRAMS, JOHN E.",H,House,DEM,DEMOCRATIC PARTY,NM
2025,P60024031,False,N,[2024],00,0.0,['00'],[2025],False,2024-05-02,False,,,,2024-05-02,2024-05-05,2024-05-02T21:01:05,"ABRAMS, JUSTIN",P,President,APF,AMERICAN PEOPLE'S FREEDOM PARTY,US
2022,S6NC00324,False,N,"[2016, 2018, 2020, 2022]",00,0.0,"['00', '00', '00']","[2016, 2018, 2022]",False,2016-08-17,True,,O,Open seat,2017-01-23,2017-01-23,2021-12-08T06:50:51,"ABRAMS, MARCIA KAREN DR PHD",S,Senate,REP,REPUBLICAN PARTY,NC
1984,H4UT01017,False,P,"[1984, 1986]",01,1.0,['01'],[1984],False,1984-07-05,True,,C,Challenger,1984-07-05,1984-07-05,2002-03-30T00:00:00,"ABRAMS, MILTON C",H,House,DEM,DEMOCRATIC PARTY,UT
2024,H4NH00013,False,N,[2024],00,0.0,['00'],[2024],False,2024-01-11,False,,C,Challenger,2024-01-11,2024-01-11,2024-01-22T20:58:30,"ABRAMSON, MAX",H,House,REP,REPUBLICAN PARTY,NH
2020,P00012732,False,N,"[2020, 2022, 2024]",00,0.0,['00'],[2020],False,2019-07-09,False,,C,Challenger,2020-04-19,2020-04-19,2021-12-08T06:50:50,"ABRAMSON, MAX",P,President,VET,VETERANS PARTY,US
2008,H8IN08125,False,P,[2008],08,8.0,['08'],[2008],False,2008-02-06,True,,C,Challenger,2008-02-06,2008-02-06,2008-07-21T00:00:00,"ABRAMSON, PAUL",H,House,REP,REPUBLICAN PARTY,IN
1998,S0NY00162,False,P,"[1992, 1994, 1996, 1998, 2000, 2002, 2004, 2006, 2008]",00,0.0,"['00', '00']","[1992, 1998]",False,1991-11-05,True,,C,Challenger,1993-02-03,1993-02-03,2002-04-12T00:00:00,"ABRAMS, ROBERT",S,Senate,DEM,DEMOCRATIC PARTY,NY
1976,H6MD02013,False,P,"[1976, 1978, 1980, 1982, 1984]",02,2.0,['02'],[1976],False,1976-03-22,False,,,,1976-03-22,1976-03-22,2002-03-30T00:00:00,"ABRAMS, ROSALIE SILBER",H,House,DEM,DEMOCRATIC PARTY,MD
2008,H6NJ07136,False,N,"[2006, 2008]",07,7.0,"['07', '07']","[2006, 2008]",False,,False,,O,Open seat,,,2008-09-22T00:00:00,"ABRAMS, THOMAS D.",H,House,IND,INDEPENDENT,NJ
2004,H2NJ12101,False,N,"[2002, 2004]",07,7.0,"['12', '07']","[2002, 2004]",False,,False,,C,Challenger,,,2004-09-21T00:00:00,"ABRAMS, THOMAS D.",H,House,LIB,LIBERTARIAN PARTY,NJ
2020,P00006270,False,N,"[2018, 2020, 2022, 2024]",00,0.0,['00'],[2020],False,2017-08-25,False,,C,Challenger,2017-08-25,2017-08-25,2021-12-08T06:50:50,"ABRAUGH, MATTHEW M. MR.",P,President,NON,NON-PARTY,US
2020,H0NY00089,False,N,"[2020, 2022, 2024]",00,0.0,['00'],[2020],False,2019-12-08,False,,C,Challenger,2019-12-08,2019-12-18,2021-12-08T06:50:51,"ABREU DE LA CRUZ F, JOSE MIGUEL",H,House,REP,REPUBLICAN PARTY,NY
2017,H8GA06302,False,C,[2018],06,6.0,['06'],[2017],False,2017-02-15,True,,O,Open seat,2017-02-15,2017-02-15,2017-05-09T21:04:56,"ABROMS, DAVID",H,House,REP,REPUBLICAN PARTY,GA
1990,H0ME01028,False,P,"[1990, 1992, 1994, 1996]",01,1.0,['01'],[1990],False,1990-01-31,True,,C,Challenger,1990-01-31,1990-01-31,2002-04-02T00:00:00,"ABROMSON, LINDA",H,House,DEM,DEMOCRATIC PARTY,ME
2024,H4DC01033,False,C,[2024],00,0.0,['00'],[2024],False,2024-04-12,True,,C,Challenger,2024-04-12,2024-04-12,2024-04-19T21:00:52,"A BROWN, MICHAEL",H,House,IND,INDEPENDENT,DC
1988,H8FL06072,False,C,[1988],06,6.0,['06'],[1988],False,1988-07-16,True,,O,Open seat,1988-07-16,1988-07-16,2005-05-26T00:00:00,"ABSHIER, ROY",H,House,REP,REPUBLICAN PARTY,FL
2004,S4OR00073,False,N,[2004],00,0.0,['00'],[2004],False,,False,,C,Challenger,,,2004-03-30T00:00:00,"ABSHIER, THOMAS LEE",S,Senate,REP,REPUBLICAN PARTY,OR
1986,H6MA00015,False,P,"[1976, 1986, 1988]",08,8.0,"['00', '08']","[1976, 1986]",False,1976-04-02,True,,C,Challenger,1985-11-25,1985-11-25,2002-03-30T00:00:00,"ABT, CLARK C",H,House,REP,REPUBLICAN PARTY,MA
2020,H0TX23193,False,P,"[2020, 2022, 2024]",23,23.0,['23'],[2020],False,2019-06-03,True,,O,Open seat,2019-12-02,2019-12-02,2021-03-29T15:22:09,"ABUABARA, ROSALINDA RAMOS",H,House,DEM,DEMOCRATIC PARTY,TX
2022,S2FL00482,False,N,"[2022, 2024]",00,0.0,['00'],[2022],False,2021-01-14,False,,C,Challenger,2021-01-14,2021-01-14,2021-12-08T06:50:51,"ABUD, EDWARD",S,Senate,DEM,DEMOCRATIC PARTY,FL
2004,H2CA12158,False,P,"[2002, 2004, 2006, 2008]",12,12.0,"['12', '12']","[2002, 2004]",False,2002-03-05,True,,C,Challenger,2003-09-29,2003-09-29,2005-03-02T00:00:00,"ABU-GHAZALAH, MAAD H H",H,House,DEM,DEMOCRATIC PARTY,CA
2020,H0MO06180,False,C,[2020],06,6.0,['06'],[2020],False,2019-02-18,True,,C,Challenger,2019-02-18,2019-02-18,2019-07-22T21:11:27,"ABUNDIS, VICTOR",H,House,DEM,DEMOCRATIC PARTY,MO
1996,H6CA16119,False,N,[1996],16,16.0,['16'],[1996],False,,False,,C,Challenger,,,2002-04-02T00:00:00,"ABU-SHUMAYS, ABAAN",H,House,NLP,NATURAL LAW PARTY,CA
2022,H2SC04154,False,P,"[2022, 2024]",04,4.0,['04'],[2022],False,2021-10-27,True,,C,Challenger,2021-10-27,2021-10-27,2023-03-09T10:16:03,"ABUZEID, GEORGE ASSAD",H,House,REP,REPUBLICAN PARTY,SC
1986,H6NY20134,False,P,"[1986, 1988, 1990, 1992, 1994, 1996]",20,20.0,['20'],[1986],False,1986-06-20,True,,C,Challenger,1986-06-20,1986-06-20,2002-04-02T00:00:00,"ABZUG, BELLA S",H,House,DEM,DEMOCRATIC PARTY,NY
1978,H8NY18134,False,P,"[1978, 1980, 1982, 1984]",18,18.0,['18'],[1978],False,1978-01-31,True,,C,Challenger,1978-01-31,1978-01-31,2002-03-30T00:00:00,"ABZUG, BELLA S.",H,House,DEM,DEMOCRATIC PARTY,NY
1982,S6NY00037,False,P,"[1976, 1978, 1980, 1982, 1984]",00,0.0,"['00', '00']","[1976, 1982]",False,1976-07-10,True,,,,1976-07-10,1976-10-19,2002-03-30T00:00:00,"ABZUG, BELLA S.",S,Senate,DEM,DEMOCRATIC PARTY,NY
2024,S4OR00289,False,N,[2024],00,0.0,['00'],[2024],False,2023-05-11,False,,C,Challenger,2023-05-11,2023-05-31,2023-05-16T21:16:28,"ACCARDI, LORENZO",S,Senate,W,WRITE-IN,OR
1994,H4LA03010,False,N,[1994],03,3.0,['03'],[1994],False,,False,,C,Challenger,,,2002-03-30T00:00:00,"ACCARDO, NICK",H,House,O,,LA
2010,S0LA00220,False,N,[2010],00,0.0,['00'],[2010],False,,False,,C,Challenger,,,2010-07-19T22:15:49,"ACCARDO, NICK J.",S,Senate,REP,REPUBLICAN PARTY,LA
1996,S0LA00048,False,N,"[1990, 1992, 1994, 1996, 1998]",00,0.0,"['00', '00', '00']","[1990, 1992, 1996]",False,1989-08-24,True,,C,Challenger,1992-09-18,1992-09-18,2002-04-03T00:00:00,"ACCARDO, NICK J MD",S,Senate,UNK,UNKNOWN,LA
2018,H8MI10132,False,C,[2018],10,10.0,['10'],[2018],False,2018-05-09,True,,C,Challenger,2018-05-09,2018-05-09,2018-07-17T21:11:36,"ACCAVITTI, FRANK JR",H,House,DEM,DEMOCRATIC PARTY,MI
2016,H6MI10227,False,P,"[2016, 2018]",10,10.0,['10'],[2016],False,2016-04-19,True,,O,Open seat,2016-04-19,2016-04-19,2017-02-23T14:47:46,"ACCAVITTI, FRANK MR. JR",H,House,DEM,DEMOCRATIC PARTY,MI
2022,H2NH01254,False,P,"[2022, 2024]",01,1.0,['01'],[2022],False,2021-02-25,True,,C,Challenger,2021-02-25,2021-02-25,2023-03-09T10:16:03,"ACCIARD, JULIAN MARC",H,House,REP,REPUBLICAN PARTY,NH
1980,H0NY21028,False,P,"[1980, 1982, 1984]",21,21.0,['21'],[1980],False,1980-08-21,False,,,,1980-08-21,1980-08-21,2002-03-30T00:00:00,"ACETO, GINA A",H,House,CRV,CONSERVATIVE PARTY,NY
2022,H2CA18171,False,P,"[2022, 2024]",18,18.0,['18'],[2022],False,2022-02-13,True,,C,Challenger,2022-02-19,2022-02-19,2023-03-09T10:16:03,"ACEVEDO-ARREGUIN, LUIS",H,House,DEM,DEMOCRATIC PARTY,CA
2002,H2CT03078,False,N,[2002],03,3.0,['03'],[2002],False,2002-06-21,True,,C,Challenger,2002-06-21,2002-06-21,2002-06-24T00:00:00,"ACEVEDO, CHRISTOPHER DUFFY",H,House,REP,REPUBLICAN PARTY,CT
2024,P40011769,False,N,[2024],00,0.0,['00'],[2024],False,2023-04-05,False,,C,Challenger,2023-04-05,2023-04-11,2023-04-16T21:09:31,"ACEVEDO DIAZ PARES MIRANDA, VANDERELMO",P,President,STA,,US
2024,P40011710,False,N,[2024],00,0.0,['00'],[2024],False,2023-04-02,False,,C,Challenger,2023-04-02,2023-04-05,2023-04-16T21:09:31,"ACEVEDO DIAZ PARES MIRANDA, VANDERELMO",P,President,STA,,US
2024,P40007163,False,N,"[2022, 2024]",00,0.0,['00'],[2024],False,2022-01-13,False,,C,Challenger,2022-01-13,2022-02-14,2023-01-12T22:24:01,"ACEVEDO DIAZ, VANDERELMO JAMES ACEVEDO",P,President,W,WRITE-IN,US
1994,H4CA50014,False,P,"[1994, 1996, 1998, 2000]",50,50.0,['50'],[1994],False,1994-03-23,True,,C,Challenger,1994-03-23,1994-03-23,2002-04-07T00:00:00,"ACEVEDO, MARY ALICE",H,House,REP,REPUBLICAN PARTY,CA
2020,H8PR00054,False,P,"[2000, 2002, 2004, 2006, 2020, 2022, 2024]",00,0.0,"['00', '00', '00']","[2000, 2004, 2020]",False,1999-06-11,True,,C,Challenger,2020-02-21,2020-02-21,2021-03-29T15:22:09,"ACEVEDO-VILA, ANIBAL",H,House,DEM,DEMOCRATIC PARTY,PR
2016,H6CA24295,False,C,[2016],24,24.0,['24'],[2016],False,2015-04-13,True,,O,Open seat,2015-05-15,2015-05-15,2015-09-08T20:59:20,"ACHADJIAN, KHATCHIK",H,House,REP,REPUBLICAN PARTY,CA
2022,H2FL10218,False,C,[2022],10,10.0,['10'],[2022],False,2021-06-08,True,,O,Open seat,2021-09-15,2021-09-15,2022-08-11T21:11:10,"ACHENBACH, JACK JOSEPH",H,House,DEM,DEMOCRATIC PARTY,FL
1986,H6IL09012,False,N,"[1976, 1986]",09,9.0,"['09', '09']","[1976, 1986]",False,,False,,C,Challenger,,,2002-03-30T00:00:00,"ACHESON, JUDITH",H,House,DEM,DEMOCRATIC PARTY,IL
2022,H2UT02431,False,N,[2022],02,2.0,['02'],[2022],False,2021-01-04,True,,C,Challenger,2021-01-14,2021-01-14,2021-01-21T23:11:46,"ACHESON, PHELAN DOUGLAS",H,House,IND,INDEPENDENT,UT
2018,H8NY05107,False,P,"[2018, 2020]",05,5.0,['05'],[2018],False,2018-02-14,True,,C,Challenger,2018-04-02,2018-04-02,2019-03-27T16:02:41,"ACHILLE, CARL H.",H,House,DEM,DEMOCRATIC PARTY,NY
1980,P00002626,False,C,[1980],00,0.0,['00'],[1980],False,1980-03-24,False,,,,1980-03-24,1980-03-24,2002-03-30T00:00:00,"ACHLEY, TEDDY M",P,President,IND,INDEPENDENT,US
1982,H2MO05113,False,N,[1982],05,5.0,['05'],[1982],False,,False,,O,Open seat,,,2002-03-30T00:00:00,"ACHTENBERG, IRVING",H,House,DEM,DEMOCRATIC PARTY,MO
2020,P00009217,False,N,"[2020, 2022, 2024]",00,0.0,['00'],[2020],False,2019-01-12,False,,C,Challenger,2019-01-12,2019-01-12,2021-12-08T06:50:50,"ACKER, BRANDON W",P,President,DEM,DEMOCRATIC PARTY,US
2018,H8NC07093,False,N,"[2016, 2018, 2022, 2024]",07,7.0,['07'],[2018],False,2016-05-10,True,,C,Challenger,2016-07-22,2016-07-22,2017-01-05T21:04:01,"ACKER, BRANDON W.",H,House,DEM,DEMOCRATIC PARTY,NC
2000,H6CA25110,False,N,"[1996, 1998, 2000]",25,25.0,"['25', '25', '25']","[1996, 1998, 2000]",False,1996-10-13,False,,C,Challenger,,1996-10-13,2002-04-07T00:00:00,"ACKER, BRUCE R",H,House,LIB,LIBERTARIAN PARTY,CA
2014,H4NY07011,False,N,"[1984, 1986, 1988, 1990, 1992, 1994, 1996, 1998, 2000, 2002, 2004, 2006, 2008, 2010, 2012, 2014, 2016, 2018]",05,5.0,"['07', '07', '07', '07', '05', '05', '05', '05', '05', '05', '05', '05', '05', '05', '05', '05']","[1984, 1986, 1988, 1990, 1992, 1994, 1996, 1998, 2000, 2002, 2004, 2006, 2008, 2010, 2012, 2014]",False,1983-01-31,True,[2012],C,Challenger,2011-10-03,2011-10-03,2013-01-03T22:17:08,"ACKERMAN, GARY L.",H,House,DEM,DEMOCRATIC PARTY,NY
2012,H2KY05144,False,N,[2012],05,5.0,['05'],[2012],False,,False,,C,Challenger,,,2012-02-16T21:59:10,"ACKERMAN, MICHAEL",H,House,DEM,DEMOCRATIC PARTY,KY
2022,H2NC05165,False,C,[2022],05,5.0,['05'],[2022],False,2021-04-10,True,,C,Challenger,2021-04-10,2021-04-10,2021-07-15T01:38:43,"ACKERMAN, MICHAEL STEPHAN",H,House,REP,REPUBLICAN PARTY,NC
2020,H0NV02209,False,P,"[2020, 2022]",02,2.0,['02'],[2020],False,2019-11-11,True,,C,Challenger,2019-11-11,2019-11-11,2021-03-29T15:22:09,"ACKERMAN, PATRICIA GERALDENE MS.",H,House,DEM,DEMOCRATIC PARTY,NV
2006,H6CA48047,False,C,[2006],48,48.0,['48'],[2006],False,,True,,O,Open seat,,,2005-07-07T00:00:00,"ACKERMAN, RICHARD",H,House,REP,REPUBLICAN PARTY,CA
2020,P00014241,False,N,"[2020, 2022, 2024]",00,0.0,['00'],[2020],False,2019-11-07,True,,C,Challenger,2019-11-07,2019-11-07,2021-12-08T06:50:50,"ACKER, RYAN",P,President,NON,NON-PARTY,US
1980,H0IN05011,False,P,"[1980, 1982, 1984]",05,5.0,['05'],[1980],False,1979-08-31,True,,,,1979-08-31,1979-08-31,2002-03-30T00:00:00,"ACKERSON, NELS",H,House,DEM,DEMOCRATIC PARTY,IN
2008,H8IN04108,False,P,"[2008, 2010, 2012]",04,4.0,['04'],[2008],False,2007-07-13,True,,C,Challenger,2008-01-09,2008-01-09,2008-01-10T22:04:10,"ACKERSON, NELS",H,House,DEM,DEMOCRATIC PARTY,IN
2018,S8OH00094,False,C,[2018],00,0.0,['00'],[2018],False,2017-09-21,True,,C,Challenger,2017-09-21,2017-09-21,2018-02-21T21:15:37,"ACKISON, MELISSA",S,Senate,REP,REPUBLICAN PARTY,OH
2016,H6VI01024,False,N,[2016],00,0.0,['00'],[2016],False,2016-06-13,False,,C,Challenger,2016-06-13,2016-06-13,2016-08-17T21:29:25,"ACKLEY, GORDON P",H,House,REP,REPUBLICAN PARTY,VI
2012,S2AZ00281,False,N,[2012],00,0.0,['00'],[2012],False,2012-07-03,False,,O,Open seat,2012-07-03,2012-07-03,2012-07-16T22:17:44,"ACLE, LUIS",S,Senate,REP,REPUBLICAN PARTY,AZ
1992,H8CA44018,False,P,"[1988, 1990, 1992, 1994, 1996, 1998]",50,50.0,"['44', '50']","[1988, 1992]",False,1987-09-25,True,,C,Challenger,1992-01-24,1992-01-24,2002-04-03T00:00:00,"ACLE, LUIS JR",H,House,REP,REPUBLICAN PARTY,CA
2020,P00008979,False,N,"[2018, 2020]",00,0.0,['00'],[2020],False,2018-12-10,False,,C,Challenger,2018-12-10,2018-12-10,2019-01-28T21:05:11,"ACORD, ROBERT BRADFORD LEE",P,President,DEM,DEMOCRATIC PARTY,US
2020,H0FL21037,False,C,[2020],21,21.0,['21'],[2020],False,2019-05-09,True,,C,Challenger,2019-05-09,2019-05-09,2019-07-15T21:09:43,"ACOSTA, CHRISTIAN F.",H,House,REP,REPUBLICAN PARTY,FL
2012,H2CA25176,False,P,"[2012, 2014, 2016]",25,25.0,['25'],[2012],False,2012-03-29,True,,C,Challenger,2012-03-29,2012-03-29,2013-04-26T09:04:30,"ACOSTA, DANTE",H,House,REP,REPUBLICAN PARTY,CA
2020,H0MI11103,False,N,"[2020, 2022, 2024]",11,11.0,['11'],[2020],False,2019-07-29,False,,C,Challenger,2019-07-29,2019-07-29,2019-08-23T22:05:29,"ACOSTA, FRANK",H,House,REP,REPUBLICAN PARTY,MI
2006,H6TX17085,False,N,[2006],17,17.0,['17'],[2006],False,,False,,C,Challenger,,,2006-01-19T00:00:00,"ACOSTA, GUILLERMO",H,House,LIB,LIBERTARIAN PARTY,TX
2016,P60020708,False,N,[2016],00,0.0,['00'],[2016],False,2016-03-22,False,,O,Open seat,2016-03-22,2016-04-19,2016-11-17T06:10:49,"ACOSTA, MARIO",P,President,AIP,AMERICAN INDEPENDENT PARTY,US
2014,S4CO00296,False,N,"[2004, 2014]",00,0.0,"['00', '00']","[2004, 2014]",False,,False,,C,Challenger,,,2014-09-29T21:49:16,"ACOSTA, RAUL",S,Senate,IND,INDEPENDENT,CO
2000,H0MI05055,False,P,"[2000, 2002]",05,5.0,['05'],[2000],False,2000-05-30,True,,C,Challenger,2000-05-30,2000-05-30,2002-04-12T00:00:00,"ACTIS, RONALD GEORGE",H,House,REP,REPUBLICAN PARTY,MI
2010,H0IN04212,False,C,[2010],04,4.0,['04'],[2010],False,2010-02-22,True,,O,Open seat,2010-02-22,2010-02-22,2010-04-27T22:43:38,"ACTON, JON DAVID",H,House,REP,REPUBLICAN PARTY,IN
2006,H6NC04128,False,P,"[2006, 2008]",04,4.0,['04'],[2006],False,2006-01-25,True,,C,Challenger,2006-01-25,2006-01-25,2009-04-29T00:00:00,"ACUFF, STEVEN D",H,House,REP,REPUBLICAN PARTY,NC
2018,H8FL27219,False,P,"[2018, 2020]",27,27.0,['27'],[2018],False,2018-04-15,True,,O,Open seat,2018-04-15,2018-04-15,2019-03-27T16:02:41,"ADADI, ELIZABETH",H,House,REP,REPUBLICAN PARTY,FL
1986,H6MD07046,False,P,"[1976, 1986, 1988, 1990, 1992, 1994, 1996]",07,7.0,"['07', '07']","[1976, 1986]",False,1976-07-16,True,,C,Challenger,1985-12-23,1985-12-23,2002-04-02T00:00:00,"ADAIR, AUGUTUS ALVEN (GUS)",H,House,DEM,DEMOCRATIC PARTY,MD
2010,H0AZ03446,False,N,[2010],03,3.0,['03'],[2010],False,,False,,C,Challenger,,,2010-10-25T23:22:34,"ADAIR, CLAY",H,House,LIB,LIBERTARIAN PARTY,AZ
2018,H8TX06209,False,N,[2018],06,6.0,['06'],[2018],False,2017-03-29,True,,O,Open seat,2017-03-29,2017-03-29,2018-01-09T21:09:43,"ADAIR, GLENN DAREN MR. N/A",H,House,LIB,LIBERTARIAN PARTY,TX
2024,H4MO07164,False,C,[2024],07,7.0,['07'],[2024],False,2024-02-03,True,,C,Challenger,2024-02-03,2024-02-03,2024-04-10T21:00:50,"ADAIR, JOHN DOUGLAS",H,House,REP,REPUBLICAN PARTY,MO
2006,S6WA00289,False,P,"[2006, 2008]",00,0.0,['00'],[2006],False,2006-07-26,True,,C,Challenger,2006-07-31,2006-07-31,2009-04-29T00:00:00,"ADAIR, ROBIN",S,Senate,IND,INDEPENDENT,WA
2010,H0WA08095,False,N,[2010],08,8.0,['08'],[2010],False,,False,,C,Challenger,,,2010-06-25T22:16:36,"ADAIR, ROBIN",H,House,OTH,OTHER,WA
2020,S0AL00248,False,C,[2020],00,0.0,['00'],[2020],False,2019-04-11,True,,C,Challenger,2019-04-11,2019-04-11,2019-07-15T21:09:43,"ADAIR, STANLEY E",S,Senate,REP,REPUBLICAN PARTY,AL
2002,H2GU00058,False,P,"[2002, 2004]",00,0.0,['00'],[2002],False,2002-08-27,True,,C,Challenger,2002-09-12,2002-09-12,2002-10-04T00:00:00,"ADA, JOSEPH F",H,House,REP,REPUBLICAN PARTY,GU
1996,H6CA19105,False,N,[1996],19,19.0,['19'],[1996],False,,False,,C,Challenger,,,2002-04-02T00:00:00,"ADALIAN, DAVID P SR",H,House,NLP,NATURAL LAW PARTY,CA
2020,H0WY01044,False,N,"[2020, 2022, 2024]",00,0.0,['00'],[2020],False,2020-07-10,False,,C,Challenger,2020-07-10,2020-07-10,2020-08-21T01:04:24,"ADALIA, ZOILO",H,House,DGR,DESERT GREEN PARTY,WY
2020,H0CA50236,False,N,"[2020, 2022, 2024]",50,50.0,['50'],[2020],False,2020-07-09,False,,O,Open seat,2020-07-09,2020-07-09,2020-08-21T01:04:24,"ADALIA, ZOILO MR",H,House,DGR,DESERT GREEN PARTY,CA
2020,H0WY00152,False,N,"[2020, 2022, 2024]",00,0.0,['00'],[2020],False,2020-07-10,False,,C,Challenger,2020-07-10,2020-07-10,2020-08-21T01:04:24,"ADALIA, ZOILO MR",H,House,DGR,DESERT GREEN PARTY,WY
2020,H0CA38173,False,N,"[2020, 2022, 2024]",38,38.0,['38'],[2020],False,2020-07-09,False,,C,Challenger,2020-07-09,2020-07-09,2020-08-21T01:04:24,"ADALIA, ZOILO MR",H,House,DGR,DESERT GREEN PARTY,CA
2020,P00016469,False,N,"[2020, 2022, 2024]",00,0.0,['00'],[2020],False,2020-07-04,False,,C,Challenger,2020-07-07,2020-07-07,2021-12-08T06:50:50,"ADALIA, ZOILO MR",P,President,DGR,DESERT GREEN PARTY,US
2024,P40019499,False,N,[2024],00,0.0,['00'],[2024],False,2024-03-08,False,,C,Challenger,2024-03-08,2024-03-08,2024-04-19T21:00:52,"ADAMCZYK, SELMA M",P,President,IND,INDEPENDENT,US
2018,H8MD03116,False,C,[2018],03,3.0,['03'],[2018],False,2017-11-10,True,,C,Challenger,2018-06-25,2018-06-25,2018-06-25T21:27:24,ADAM DAVIDSON DEMARCO,H,House,DEM,DEMOCRATIC PARTY,MD
2014,H8NC03043,False,P,"[2008, 2014, 2016]",03,3.0,"['03', '03']","[2008, 2014]",False,2007-04-09,True,,C,Challenger,2013-08-13,2013-08-13,2015-04-02T15:52:44,"ADAME, MARSHALL RICHARD",H,House,DEM,DEMOCRATIC PARTY,NC
1980,H0NC04014,False,P,[1980],04,4.0,['04'],[1980],False,1979-03-29,False,,,,1979-03-29,1980-01-18,2002-03-30T00:00:00,"ADAME, MARSHALL RICHARD",H,House,DEM,DEMOCRATIC PARTY,NC
1998,H6PA04078,False,P,"[1996, 1998, 2000]",04,4.0,"['04', '04']","[1996, 1998]",False,1995-12-04,True,,C,Challenger,1998-03-27,1998-03-27,2002-04-07T00:00:00,"ADAMETZ, PAUL T",H,House,REP,REPUBLICAN PARTY,PA
2000,H6CA47023,False,N,"[1996, 2000]",47,47.0,"['47', '47']","[1996, 2000]",False,2001-01-18,False,,C,Challenger,,2001-01-18,2002-04-07T00:00:00,"ADAM, IRIS",H,House,NLP,NATURAL LAW PARTY,CA
2010,H0FL17100,False,N,"[2010, 2012, 2014, 2016, 2018]",17,17.0,['17'],[2010],False,2009-06-26,False,,O,Open seat,2009-08-03,2009-08-03,2009-08-03T21:48:04,"ADAM, LEROY",H,House,DEM,DEMOCRATIC PARTY,FL
2000,H0CA43090,False,N,[2000],43,43.0,['43'],[2000],False,2001-01-12,False,,C,Challenger,,2001-01-12,2002-04-07T00:00:00,"ADAM, NAT",H,House,NLP,NATURAL LAW PARTY,CA
2024,H4NC12100,False,C,"[2014, 2016, 2018, 2020, 2022, 2024]",12,12.0,"['12', '12', '12', '12', '12', '12']","[2014, 2016, 2018, 2020, 2022, 2024]",False,2013-06-27,True,,I,Incumbent,2022-11-18,2022-11-18,2023-08-06T21:01:25,"ADAMS, ALMA SHEALEY",H,House,DEM,DEMOCRATIC PARTY,NC
1982,H2KY07033,False,N,[1982],07,7.0,['07'],[1982],False,,False,,,,,,2002-03-30T00:00:00,"ADAMS, ANDREW",H,House,REP,REPUBLICAN PARTY,KY
2024,H4SC03194,False,N,[2024],03,3.0,['03'],[2024],False,2024-01-29,False,,O,Open seat,2024-01-29,2024-01-29,2024-02-15T21:04:51,"ADAMS, ANDREW JOSHUA",H,House,REP,REPUBLICAN PARTY,SC
2016,H6CT05173,False,N,[2016],05,5.0,['05'],[2016],False,,False,,C,Challenger,,,2017-01-03T21:01:40,"ADAMS, ANN-MARIE",H,House,UNK,UNKNOWN,CT
2018,S8CT00105,False,N,[2018],00,0.0,['00'],[2018],False,2017-03-01,True,,C,Challenger,2017-04-24,2017-04-24,2018-02-17T09:16:20,"ADAMS, ANN MARIE DR",S,Senate,DEM,DEMOCRATIC PARTY,CT
2012,H2CA08180,False,P,"[2012, 2014]",08,8.0,['08'],[2012],False,2012-02-22,True,,C,Challenger,2012-02-22,2012-02-22,2014-04-01T09:54:32,"ADAMS, ANTHONY T",H,House,NPA,NO PARTY AFFILIATION,CA
1980,H0OK05031,False,N,[1980],05,5.0,['05'],[1980],False,,False,,,,,,2002-03-30T00:00:00,"ADAMS, ART",H,House,DEM,DEMOCRATIC PARTY,OK
1996,H6IL17098,False,C,[1996],17,17.0,['17'],[1996],False,1995-11-29,True,,C,Challenger,1995-11-29,1995-11-29,2002-04-02T00:00:00,"ADAMS, BILL",H,House,REP,REPUBLICAN PARTY,IL
2015,H6MS01156,False,P,"[2016, 2018, 2020]",01,1.0,['01'],[2015],False,2015-03-14,True,,O,Open seat,2015-03-14,2015-03-14,2017-02-23T14:47:46,"ADAMS, BOYCE",H,House,REP,REPUBLICAN PARTY,MS
1988,H8NV02012,False,P,[1988],02,2.0,['02'],[1988],False,1987-07-23,True,,C,Challenger,1987-07-23,1987-07-23,2005-05-26T00:00:00,"ADAMS, BRENT THOMAS",H,House,DEM,DEMOCRATIC PARTY,NV
2024,H4UT02403,False,N,[2024],02,2.0,['02'],[2024],False,,True,,C,Challenger,,,2024-03-15T21:01:43,"ADAMS, BRIAN",H,House,DEM,DEMOCRATIC PARTY,UT
1992,S6WA00016,False,P,"[1976, 1986, 1988, 1990, 1992, 1994, 1996, 1998]",00,0.0,"['00', '00', '00']","[1976, 1986, 1992]",False,1976-04-17,True,[1992],C,Challenger,1990-10-22,1990-10-22,2002-04-03T00:00:00,"ADAMS, BROCK",S,Senate,DEM,DEMOCRATIC PARTY,WA
1978,H6WA07029,False,P,"[1976, 1978, 1980, 1982, 1984, 1986, 1988, 1990, 1992, 1994, 1996, 1998]",07,7.0,"['07', '07']","[1976, 1978]",False,1976-09-10,True,,C,Challenger,,1977-06-28,2002-04-03T00:00:00,"ADAMS, BROCK",H,House,DEM,DEMOCRATIC PARTY,WA
2004,H4TX31032,False,N,[2004],31,31.0,['31'],[2004],False,,False,,C,Challenger,,,2004-02-05T00:00:00,"ADAMS, CELESTE",H,House,LIB,LIBERTARIAN PARTY,TX
1988,P80001688,False,N,[1988],00,0.0,['00'],[1988],False,1987-10-28,False,,C,Challenger,1987-10-28,1987-10-28,2005-05-26T00:00:00,"ADAMS, CHARLES A",P,President,IND,INDEPENDENT,US
1990,H0AL03077,False,P,"[1990, 1992, 1994, 1996]",03,3.0,['03'],[1990],False,1989-01-24,True,,C,Challenger,1989-01-24,1989-01-24,2002-04-02T00:00:00,"ADAMS, CHARLES H",H,House,DEM,DEMOCRATIC PARTY,AL
2014,H4NC06078,False,P,"[2014, 2016]",06,6.0,['06'],[2014],False,2013-07-12,True,,O,Open seat,2013-07-12,2013-07-12,2015-04-02T15:52:44,"ADAMS, DANIELLE",H,House,DEM,DEMOCRATIC PARTY,NC
2016,H6FL26017,False,N,"[2016, 2018]",27,27.0,['27'],[2016],False,2015-06-23,False,,C,Challenger,2016-01-04,2016-01-04,2016-01-12T20:59:49,"ADAMS, DAVID ANDREW",H,House,REP,REPUBLICAN PARTY,FL
2018,H8NC05063,False,P,"[2018, 2020]",05,5.0,['05'],[2018],False,2017-03-10,True,,C,Challenger,2017-03-29,2017-03-29,2019-03-27T16:02:41,"ADAMS, DENISE DARCEL",H,House,DEM,DEMOCRATIC PARTY,NC
1984,H4NJ06018,False,P,"[1984, 1986]",06,6.0,['06'],[1984],False,1984-05-01,True,,C,Challenger,1984-05-01,1984-05-01,2002-03-30T00:00:00,"ADAMS, DENNIS",H,House,REP,REPUBLICAN PARTY,NJ
2016,H6IA03235,False,P,"[2016, 2018, 2020, 2022]",03,3.0,['03'],[2016],False,2015-07-01,True,,C,Challenger,2015-07-01,2015-07-01,2017-02-23T14:47:46,"ADAMS, DESMUND DOUGLAS",H,House,DEM,DEMOCRATIC PARTY,IA
2018,H8MI04085,False,N,"[2018, 2020, 2022]",04,4.0,['04'],[2018],False,2017-10-30,False,,C,Challenger,2017-10-30,2017-10-30,2018-01-04T21:07:09,"ADAMS, DION",H,House,DEM,DEMOCRATIC PARTY,MI
2014,S4MT00100,False,P,"[2014, 2016]",00,0.0,['00'],[2014],False,2013-08-29,True,,C,Challenger,2013-08-29,2013-08-29,2016-11-17T06:10:49,"ADAMS, DIRK STANDLEY",S,Senate,DEM,DEMOCRATIC PARTY,MT
2018,S8CA00325,False,N,"[2018, 2020]",00,0.0,['00'],[2018],False,2017-03-21,False,,C,Challenger,2017-08-28,2017-08-28,2018-02-17T09:16:20,"ADAMS, DONALD R",S,Senate,REP,REPUBLICAN PARTY,CA
2012,P20003232,False,N,"[2012, 2014, 2016]",00,0.0,['00'],[2012],False,2011-08-04,False,,C,Challenger,2011-08-28,2011-08-28,2016-11-17T06:10:48,"ADAMS, DOROTHY ANN",P,President,,,US
2016,H6FL11175,False,N,"[2006, 2008, 2010, 2012, 2014, 2016]",14,14.0,"['11', '11', '11', '14', '14']","[2006, 2008, 2010, 2012, 2016]",False,2005-11-01,True,,C,Challenger,2015-11-30,2015-11-30,2016-01-04T20:57:31,"ADAMS, EDDIE JR",H,House,REP,REPUBLICAN PARTY,FL
1996,H6NY15100,False,N,[1996],15,15.0,['15'],[1996],False,,False,,C,Challenger,,,2002-04-02T00:00:00,"ADAMS, EDWARD R",H,House,REP,REPUBLICAN PARTY,NY
2024,P40013443,False,N,[2024],00,0.0,['00'],[2024],False,2023-06-05,False,,C,Challenger,2023-06-05,2023-06-05,2023-06-08T21:05:05,"ADAMS EDWARDS, RACHEL AZELL DR.",P,President,OTH,OTHER,US
2020,S0KS00190,False,N,"[2018, 2020, 2022, 2024]",00,0.0,['00'],[2020],False,2017-09-25,True,,O,Open seat,2017-10-31,2017-10-31,2021-12-08T06:50:51,"ADAMS, ELLIOTT",S,Senate,DEM,DEMOCRATIC PARTY,KS
2020,P00015529,False,N,"[2020, 2022]",00,0.0,['00'],[2020],False,2020-02-20,False,,C,Challenger,2020-02-20,2020-02-20,2021-12-08T06:50:50,"ADAMS, EMILY ROSE MS",P,President,DEM,DEMOCRATIC PARTY,US
1994,H4NY11062,False,P,"[1994, 1996, 1998]",11,11.0,['11'],[1994],False,1994-05-11,True,,C,Challenger,1994-05-11,1994-05-11,2002-04-03T00:00:00,"ADAMS, ERIC L",H,House,DEM,DEMOCRATIC PARTY,NY
2002,H2GA12063,False,C,[2002],12,12.0,['12'],[2002],False,2002-04-01,True,,O,Open seat,2002-04-01,2002-04-01,2002-08-07T00:00:00,"ADAMS, FLOYD JR",H,House,DEM,DEMOCRATIC PARTY,GA
2008,S8ID00134,False,N,[2008],00,0.0,['00'],[2008],False,2008-01-22,False,,O,Open seat,2008-01-22,2008-01-22,2008-06-03T00:00:00,"ADAMS, FRED M",S,Senate,REP,REPUBLICAN PARTY,ID
1992,H2KS03067,False,C,[1992],03,3.0,['03'],[1992],False,1992-02-05,True,,C,Challenger,1992-02-05,1992-02-05,2002-03-30T00:00:00,"ADAMS, GARY SHELDON",H,House,REP,REPUBLICAN PARTY,KS
1986,H6CA28098,False,P,"[1986, 1988, 1990, 1992, 1994]",28,28.0,['28'],[1986],False,1986-04-21,True,,C,Challenger,1986-04-21,1986-04-21,2002-03-30T00:00:00,"ADAMS, GEORGE JOSEPH",H,House,REP,REPUBLICAN PARTY,CA
1990,H8CA28110,False,N,"[1988, 1990]",28,28.0,"['28', '28']","[1988, 1990]",False,,False,,C,Challenger,,,2002-03-30T00:00:00,"ADAMS, GEORGE Z",H,House,REP,REPUBLICAN PARTY,CA
1980,H0WA03039,False,N,[1980],03,3.0,['03'],[1980],False,,False,,,,,,2002-03-30T00:00:00,"ADAMS, HENRY L",H,House,REP,REPUBLICAN PARTY,WA
2016,P60019965,False,N,"[2016, 2018]",00,0.0,['00'],[2016],False,2016-02-22,False,,O,Open seat,2016-04-18,2016-04-18,2018-02-17T09:16:20,"ADAMS III, PHILIP MONROE",P,President,OTH,OTHER,US
2016,P60009008,False,N,[2016],00,0.0,['00'],[2016],False,2015-07-20,False,,O,Open seat,2015-07-20,2015-07-20,2016-11-17T06:10:48,"ADAMS, JACK LYNN",P,President,REP,REPUBLICAN PARTY,US
2010,S0MD00390,False,N,[2010],00,0.0,['00'],[2010],False,,False,,C,Challenger,,,2010-07-20T23:11:32,"ADAMS, JAMES GUY",S,Senate,LIB,LIBERTARIAN PARTY,MD
2000,H0NC07082,False,N,"[2000, 2002]",07,7.0,['07'],[2000],False,,False,,C,Challenger,,,2002-04-07T00:00:00,"ADAMS, JAMES R.",H,House,REP,REPUBLICAN PARTY,NC
2022,H2NV01322,False,N,"[2022, 2024]",01,1.0,['01'],[2022],False,2022-04-12,False,,C,Challenger,2022-04-12,2022-04-12,2022-05-16T21:09:34,"ADAMS, JANE",H,House,REP,REPUBLICAN PARTY,NV
2010,H0IL01160,False,N,[2010],01,1.0,['01'],[2010],False,,False,,C,Challenger,,,2009-12-23T21:55:57,"ADAMS, JEFF",H,House,GRE,GREEN PARTY,IL
2024,H4FL07137,False,C,[2024],07,7.0,['07'],[2024],False,2023-10-02,True,,C,Challenger,2024-01-29,2024-01-29,2024-02-08T21:02:32,"ADAMS, JENNIFER",H,House,DEM,DEMOCRATIC PARTY,FL
2010,H0NH02264,False,N,[2010],02,2.0,['02'],[2010],False,,False,,O,Open seat,,,2010-06-23T22:14:23,"ADAMS, JIM",H,House,REP,REPUBLICAN PARTY,NH
2004,H4SC04051,False,N,[2004],04,4.0,['04'],[2004],False,2003-09-29,False,,O,Open seat,2003-10-08,2003-10-08,2004-07-19T00:00:00,"ADAMS, JOHN",H,House,REP,REPUBLICAN PARTY,SC
2021,H0OH15099,False,N,"[2010, 2012, 2014, 2016, 2018, 2022]",15,15.0,"['15', '03', '03', '03', '12', '15']","[2010, 2012, 2014, 2016, 2018, 2021]",False,2010-04-09,True,,O,Open seat,2014-07-07,2014-07-24,2021-06-30T02:42:45,"ADAMS, JOHN",H,House,REP,REPUBLICAN PARTY,OH
1978,H8FL12021,False,P,"[1978, 1980, 1982, 1984]",12,12.0,['12'],[1978],False,1977-11-15,False,,,,1977-11-15,1977-11-15,2002-03-30T00:00:00,"ADAMS, JOHN",H,House,DEM,DEMOCRATIC PARTY,FL
2010,H0AR02149,False,P,"[2010, 2012]",02,2.0,['02'],[2010],False,2010-02-18,True,,O,Open seat,2010-02-18,2010-02-18,2011-02-24T10:53:11,"ADAMS, JOHN",H,House,DEM,DEMOCRATIC PARTY,AR
2002,S2OK00079,False,N,"[2002, 2004]",00,0.0,['00'],[2002],False,2002-01-16,True,,C,Challenger,2002-01-19,2002-01-19,2002-06-26T00:00:00,"ADAMS, JOHN QUINCY VI",S,Senate,DEM,DEMOCRATIC PARTY,OK
1994,H4FL16070,False,N,[1994],16,16.0,['16'],[1994],False,,False,,O,Open seat,,,2002-03-30T00:00:00,"ADAMS, JOHN S",H,House,UNK,UNKNOWN,FL
2008,H8NM01240,False,C,[2008],03,3.0,['03'],[2008],False,2007-08-03,True,,O,Open seat,2007-12-31,2007-12-31,2008-01-14T00:00:00,"ADAMS, JON",H,House,DEM,DEMOCRATIC PARTY,NM
1988,P80002702,False,N,[1988],00,0.0,['00'],[1988],False,1988-11-02,False,,C,Challenger,1988-11-02,1988-11-02,2005-05-26T00:00:00,"ADAMS, JOSEPH COCKRELL JR",P,President,IND,INDEPENDENT,US
2024,S4KY00216,False,N,"[2020, 2022, 2024]",00,0.0,['00'],[2024],False,2020-11-06,False,,C,Challenger,2020-11-06,2020-11-06,2023-01-12T22:24:01,"ADAMS, JOSHUA",S,Senate,REP,REPUBLICAN PARTY,KY
2012,H2FL14202,False,N,[2012],14,14.0,['14'],[2012],False,,False,,O,Open seat,,,2012-07-05T22:10:21,"ADAMS JR., EDDIE",H,House,REP,REPUBLICAN PARTY,FL
2016,H6MN06173,False,N,[2016],06,6.0,['06'],[2016],False,,False,,C,Challenger,,,2016-08-17T21:29:25,"ADAMS, JUDY EVELYN",H,House,DEM,DEMOCRATIC PARTY,MN
2000,H0CA05057,False,N,[2000],05,5.0,['05'],[2000],False,,False,,C,Challenger,,,2002-04-07T00:00:00,"ADAMS, KEN",H,House,GRE,GREEN PARTY,CA
1988,H8FL14076,False,P,"[1988, 1990]",14,14.0,['14'],[1988],False,1988-01-05,True,,C,Challenger,1988-01-05,1988-01-05,2002-03-30T00:00:00,"ADAMS, KENNETH MAHLON",H,House,REP,REPUBLICAN PARTY,FL
2018,H8VA10148,False,C,[2018],10,10.0,['10'],[2018],False,2017-07-07,True,,C,Challenger,2017-07-07,2017-07-07,2017-10-16T21:00:02,"ADAMS, KIMBERLY",H,House,DEM,DEMOCRATIC PARTY,VA
2012,H2AZ06148,False,P,"[2012, 2014, 2016, 2018, 2020]",05,5.0,['05'],[2012],False,2011-04-29,True,,O,Open seat,2012-02-22,2012-02-22,2013-04-26T09:04:30,"ADAMS, KIRK DAVID",H,House,REP,REPUBLICAN PARTY,AZ
2022,S2SC00137,False,N,[2022],00,0.0,['00'],[2022],False,2021-12-16,False,,C,Challenger,2021-12-16,2021-12-16,2021-12-23T01:40:42,"ADAMS, LARRY JR",S,Senate,IND,INDEPENDENT,SC
2024,P40011090,False,N,[2024],00,0.0,['00'],[2024],False,2023-02-22,False,,C,Challenger,2023-02-22,2023-02-22,2023-02-27T21:09:27,"ADAMS, LINCOLN CHAMBERS",P,President,REP,REPUBLICAN PARTY,US
2002,H2AL02117,False,N,[2002],02,2.0,['02'],[2002],False,2002-01-29,False,,C,Challenger,2002-04-11,2002-04-11,2002-04-16T00:00:00,"ADAMS, LYN CURTIS",H,House,LIB,LIBERTARIAN PARTY,AL
1984,H4IL10023,False,N,[1984],10,10.0,['10'],[1984],False,,False,,,,,,2002-03-30T00:00:00,"ADAMS, MARK D",H,House,DEM,DEMOCRATIC PARTY,IL
2022,H2TN03235,False,P,"[2022, 2024]",03,3.0,['03'],[2022],False,2021-06-24,True,,C,Challenger,2021-06-24,2021-06-24,2023-03-09T10:16:03,"ADAMS, MATT",H,House,DEM,DEMOCRATIC PARTY,TN
1980,H0TN05036,False,P,"[1980, 1982, 1984]",05,5.0,['05'],[1980],False,1980-04-11,True,,,,1980-04-11,1980-04-11,2002-03-30T00:00:00,"ADAMS, MICHAEL F",H,House,REP,REPUBLICAN PARTY,TN
1994,H2PA20057,False,P,"[1992, 1994, 1996, 1998, 2000]",18,18.0,"['18', '18']","[1992, 1994]",False,1992-01-30,True,,C,Challenger,1993-08-13,1993-08-13,2002-04-07T00:00:00,"ADAMS, MIKE",H,House,DEM,DEMOCRATIC PARTY,PA
1986,H4ID02014,False,C,"[1984, 1986]",02,2.0,"['02', '02']","[1984, 1986]",False,1983-12-13,True,,C,Challenger,1986-05-19,1986-05-19,2002-03-30T00:00:00,"ADAMSON, DANNIS MARLON",H,House,REP,REPUBLICAN PARTY,ID
2016,P60019304,False,N,"[2016, 2018]",00,0.0,['00'],[2016],False,2016-01-24,False,,O,Open seat,2016-01-24,2016-01-24,2018-02-17T09:16:20,"ADAMS, PAUL R",P,President,IND,INDEPENDENT,US
2010,H0GA02225,False,N,"[2010, 2012, 2014, 2016, 2018]",02,2.0,['02'],[2010],False,2010-02-16,True,,C,Challenger,2010-04-07,2010-04-07,2010-09-23T23:17:20,"ADAMS, RHUEDOLPH 'RUDY'",H,House,REP,REPUBLICAN PARTY,GA
1980,H0PA11027,False,P,"[1980, 1982, 1984]",11,11.0,['11'],[1980],False,1979-12-12,True,,C,Challenger,1979-12-12,1980-01-30,2002-03-30T00:00:00,"ADAMS, RICHARD PETER",H,House,DEM,DEMOCRATIC PARTY,PA
2010,H0RI01123,False,N,[2010],01,1.0,['01'],[2010],False,,False,,O,Open seat,,,2010-07-23T22:19:03,"ADAMS, RICKY B.",H,House,IND,INDEPENDENT,RI
1992,H2WA08125,False,C,[1992],08,8.0,['08'],[1992],False,1992-06-24,True,,O,Open seat,1992-06-24,1992-06-24,2002-03-30T00:00:00,"ADAMS, ROBERT E",H,House,IND,INDEPENDENT,WA
2004,H4OR03077,False,C,[2004],03,3.0,['03'],[2004],False,2003-08-08,True,,C,Challenger,2003-08-08,2003-08-08,2005-03-02T00:00:00,"ADAMS, SAM FRANCIS",H,House,DEM,DEMOCRATIC PARTY,OR
2020,H0FL06095,False,N,"[2020, 2022, 2024]",06,6.0,['06'],[2020],False,2019-04-09,False,,C,Challenger,2019-04-09,2019-04-09,2019-04-12T21:09:23,"ADAMS, SAMUEL EVERETT MR.",H,House,LIB,LIBERTARIAN PARTY,FL
1980,H0IN08023,False,N,[1980],08,8.0,['08'],[1980],False,,False,,,,,,2002-03-30T00:00:00,"ADAMS, SAMUEL PAYNE",H,House,DEM,DEMOCRATIC PARTY,IN
2016,H0FL24049,False,P,"[2010, 2012, 2014, 2016, 2018]",06,6.0,"['24', '07', '06']","[2010, 2012, 2016]",False,2009-07-10,True,,C,Challenger,2015-06-23,2015-06-23,2017-02-23T14:47:46,"ADAMS, SANDY",H,House,REP,REPUBLICAN PARTY,FL
2024,H4MI02120,False,N,[2024],02,2.0,['02'],[2024],False,2024-07-28,False,,C,Challenger,2024-07-28,2024-07-28,2024-08-22T21:00:32,"ADAMS, SCOTT CECIL MR",H,House,UST,U.S. TAXPAYERS PARTY,MI
2016,H6CA38113,False,C,[2016],38,38.0,['38'],[2016],False,2016-03-30,False,,C,Challenger,2016-03-30,2016-03-30,2016-06-06T21:00:43,"ADAMS, SCOTT MICHAEL MR.",H,House,IND,INDEPENDENT,CA
2024,H4CA49131,False,C,[2024],49,49.0,['49'],[2024],False,2023-04-19,True,,C,Challenger,2023-05-01,2023-05-01,2023-07-17T21:04:17,"ADAMS, SHERYL",H,House,REP,REPUBLICAN PARTY,CA
2008,P80004625,False,N,"[2008, 2010]",00,0.0,['00'],[2008],False,2007-08-21,False,,C,Challenger,2007-08-29,2007-08-29,2007-10-16T00:00:00,"ADAMS, STEPHEN PAUL",P,President,IND,INDEPENDENT,US
2014,H4CA41120,False,P,"[2014, 2016]",41,41.0,['41'],[2014],False,2013-05-17,True,,C,Challenger,2013-05-17,2013-05-17,2015-04-02T15:52:44,"ADAMS, STEVE",H,House,REP,REPUBLICAN PARTY,CA
2012,H2CA06275,False,P,"[2012, 2014]",02,2.0,['02'],[2012],False,2011-05-31,True,,O,Open seat,2011-05-31,2011-05-31,2013-04-26T09:04:30,"ADAMS, SUSAN L",H,House,DEM,DEMOCRATIC PARTY,CA
2002,S2SC00061,False,N,[2002],00,0.0,['00'],[2002],False,,False,,C,Challenger,,,2002-09-27T00:00:00,"ADAMS, TED",S,Senate,CON,CONSTITUTION PARTY,SC
2014,S4TN00328,False,P,"[2014, 2016]",00,0.0,['00'],[2014],False,2013-10-18,True,,C,Challenger,2013-10-18,2013-10-18,2016-11-17T06:10:49,"ADAMS, TERRY GLEN JR",S,Senate,DEM,DEMOCRATIC PARTY,TN
2004,H4MA01034,False,P,"[2004, 2006, 2008]",01,1.0,['01'],[2004],False,2003-06-16,True,,C,Challenger,2003-06-16,2003-06-16,2005-03-02T00:00:00,"ADAM, STEVEN E",H,House,REP,REPUBLICAN PARTY,MA
2000,H6SC04049,False,P,"[1976, 1986, 1988, 1990, 1992, 1994, 1996, 2000, 2002]",04,4.0,"['04', '04', '04', '04']","[1976, 1986, 1988, 2000]",False,1986-01-10,True,,C,Challenger,2000-08-07,2000-08-07,2002-04-12T00:00:00,"ADAMS, THEODORE CAPERS JR",H,House,CST,CONSTITUTIONAL,SC
2014,H4SC05058,False,P,"[2014, 2016]",05,5.0,['05'],[2014],False,2014-03-31,True,,C,Challenger,2014-03-31,2014-04-18,2015-04-02T15:52:44,"ADAMS, THOMAS A",H,House,DEM,DEMOCRATIC PARTY,SC
2016,P60014453,False,N,[2016],00,0.0,['00'],[2016],False,2015-09-02,False,,O,Open seat,2015-09-02,2015-10-06,2016-11-17T06:10:49,"ADAMS, THOMAS ALAN MR",P,President,IND,INDEPENDENT,US
1988,S8FL00067,False,N,"[1988, 1990, 1992, 1994, 1996]",00,0.0,['00'],[1988],False,1988-01-04,False,,C,Challenger,1988-01-04,1988-01-04,2002-04-02T00:00:00,"ADAMS, TIM LUCAS",S,Senate,DEM,DEMOCRATIC PARTY,FL
2018,S8MT00291,False,N,[2018],00,0.0,['00'],[2018],False,,False,,C,Challenger,,,2018-04-17T21:13:11,"ADAMS, TIMOTHY",S,Senate,GRE,GREEN PARTY,MT
2004,H4MI03185,False,N,[2004],03,3.0,['03'],[2004],False,,False,,C,Challenger,,,2004-09-20T00:00:00,"ADAMS, WARREN",H,House,LIB,LIBERTARIAN PARTY,MI
1996,H6IN10158,False,C,[1996],10,10.0,['10'],[1996],False,1996-03-01,True,,O,Open seat,1996-03-12,1996-03-12,2002-04-02T00:00:00,"ADANDE, JOCELYN-TANDY",H,House,DEM,DEMOCRATIC PARTY,IN
2020,H0MN05244,False,N,"[2020, 2022, 2024]",05,5.0,['05'],[2020],False,2020-01-09,False,,C,Challenger,2020-01-09,2020-01-09,2020-01-31T21:11:28,"ADAN, (LEILA)SHUKRI BASHIR MS",H,House,DFL,DEMOCRATIC-FARMER-LABOR,MN
1978,H6CT05041,False,P,"[1976, 1978, 1980, 1982, 1984]",05,5.0,"['05', '05']","[1976, 1978]",False,1976-04-12,False,,,,1976-04-12,1977-03-28,2002-03-30T00:00:00,"ADANTI, MR. MICHAEL J.",H,House,DEM,DEMOCRATIC PARTY,CT
1994,H4TX26040,False,N,[1994],26,26.0,['26'],[1994],False,,False,,C,Challenger,,,2002-03-30T00:00:00,"ADASK, ALFRED",H,House,LIB,LIBERTARIAN PARTY,TX
1984,P40001174,False,N,[1984],00,0.0,['00'],[1984],False,1983-12-13,False,,,,1983-12-13,1983-12-13,2002-03-30T00:00:00,"ADASKIN, DAVID R",P,President,IND,INDEPENDENT,US
2014,H0PA13080,False,P,"[2010, 2012, 2014, 2016]",13,13.0,"['13', '13']","[2010, 2014]",False,2009-10-26,True,,O,Open seat,2014-02-19,2014-02-19,2015-04-02T15:52:44,"ADCOCK, CARSON DEE",H,House,REP,REPUBLICAN PARTY,PA
2002,H2TX31077,False,P,"[2002, 2004]",31,31.0,['31'],[2002],False,2002-02-11,True,,O,Open seat,2002-02-11,2002-02-11,2002-04-12T00:00:00,"ADCOCK, FLYNN JAMES",H,House,REP,REPUBLICAN PARTY,TX
1998,H8NC12036,False,N,[1998],12,12.0,['12'],[1998],False,1998-07-13,True,,C,Challenger,1998-07-13,1998-07-13,2002-04-03T00:00:00,"ADCOCK, RONNIE WAYNE",H,House,DEM,DEMOCRATIC PARTY,NC
2015,H6MS01214,False,C,[2016],01,1.0,['01'],[2015],False,2015-03-09,True,,O,Open seat,2015-03-09,2015-03-09,2015-04-20T21:30:50,"ADCOCK, SAM",H,House,REP,REPUBLICAN PARTY,MS
2010,H0IN05144,False,C,[2010],05,5.0,['05'],[2010],False,2010-01-30,True,,C,Challenger,2010-01-30,2010-01-30,2010-05-03T22:08:08,"ADCOOK, ANN B",H,House,REP,REPUBLICAN PARTY,IN
2020,H0TN05358,False,N,[2020],05,5.0,['05'],[2020],False,2020-01-03,False,,C,Challenger,2020-01-03,2020-01-03,2020-01-31T21:11:28,"ADCOX, ANTHONY",H,House,REP,REPUBLICAN PARTY,TN
2020,H0TN05366,False,N,"[2020, 2022, 2024]",05,5.0,['05'],[2020],False,2020-02-04,False,,C,Challenger,2020-02-04,2020-02-04,2020-02-14T21:29:08,"ADCOX, ELIJAH NATHANIEL",H,House,REP,REPUBLICAN PARTY,TN
1986,H6NY07024,True,C,"[1976, 1978, 1980, 1982, 1984, 1986]",06,6.0,"['07', '07', '07', '06', '06', '06']","[1976, 1978, 1980, 1982, 1984, 1986]",False,1976-03-19,True,[1986],I,Incumbent,1985-01-04,1985-01-04,2002-03-30T00:00:00,"ADDABBO, JOSEPH P",H,House,DEM,DEMOCRATIC PARTY,NY
2024,H4NY22093,False,C,[2024],22,22.0,['22'],[2024],False,2023-10-04,True,,C,Challenger,2023-10-04,2023-10-04,2024-02-02T21:02:03,"ADDINGTON, JACOB TAY",H,House,DEM,DEMOCRATIC PARTY,NY
1986,S6KS00064,False,N,[1986],00,0.0,['00'],[1986],False,,False,,C,Challenger,,,2002-03-30T00:00:00,"ADDINGTON, W H (BILL)",S,Senate,DEM,DEMOCRATIC PARTY,KS
2012,S2TX00320,False,C,[2012],00,0.0,['00'],[2012],False,2011-02-15,True,,O,Open seat,2011-02-15,2011-02-15,2011-07-21T00:14:15,"ADDISON, MARSHALL GLENN",S,Senate,REP,REPUBLICAN PARTY,TX
2022,H2SC06126,False,N,"[2022, 2024]",06,6.0,['06'],[2022],False,2021-06-14,False,,C,Challenger,2021-06-14,2021-06-14,2021-06-30T02:42:45,"ADDISON, MICHAEL ANTONIO DR.",H,House,DEM,DEMOCRATIC PARTY,SC
2022,H2TX09131,False,N,[2022],09,9.0,['09'],[2022],False,2021-10-06,False,,C,Challenger,2021-10-06,2021-10-06,2021-10-30T01:40:17,"ADDISON, RANDALL LEE MR.",H,House,IND,INDEPENDENT,TX
2024,H4CA20215,False,N,[2024],20,20.0,['20'],[2024],False,2023-12-17,False,,C,Challenger,2023-12-17,2023-12-17,2023-12-26T20:59:36,"ADDISON WILLIAMS, AUDREY ELIZABETH MS",H,House,REP,REPUBLICAN PARTY,CA
2018,H8PA05303,False,C,[2018],05,5.0,['05'],[2018],False,2018-03-23,True,,C,Challenger,2018-03-29,2018-03-29,2018-04-03T21:07:16,"ADDIS, PAUL DAVID",H,House,REP,REPUBLICAN PARTY,PA
2018,S8PA00304,False,C,[2018],00,0.0,['00'],[2018],False,2017-06-09,False,,C,Challenger,2017-06-09,2017-06-09,2018-02-17T09:16:20,"ADDIS , PAUL DAVID MR",S,Senate,REP,REPUBLICAN PARTY,PA
2014,S4MA00242,False,P,"[2014, 2016, 2018, 2020]",00,0.0,['00'],[2014],False,2014-03-19,True,,C,Challenger,2014-03-19,2014-03-19,2018-02-17T09:16:20,"ADDIVINOLA, FRANK J JR",S,Senate,REP,REPUBLICAN PARTY,MA
2014,H2MA05120,False,N,"[2012, 2014, 2016, 2018, 2020]",05,5.0,"['05', '05']","[2012, 2014]",False,2012-06-07,True,[2014],C,Challenger,2013-07-30,2013-07-30,2014-02-18T22:11:13,"ADDIVINOLA, FRANK JOHN JR",H,House,REP,REPUBLICAN PARTY,MA
2016,P60013992,False,N,[2016],00,0.0,['00'],[2016],False,2015-08-30,False,,O,Open seat,2015-08-30,2015-08-30,2016-11-17T06:10:49,"ADDVENSKY, MICHAEL EDWARD",P,President,REP,REPUBLICAN PARTY,US
2016,H6IA03250,False,N,[2016],03,3.0,['03'],[2016],False,,False,,C,Challenger,,,2016-09-23T21:01:38,"ADDY, CLAUDIA",H,House,NPA,NO PARTY AFFILIATION,IA
2000,S0NY00352,False,N,[2000],00,0.0,['00'],[2000],False,2000-10-18,False,,O,Open seat,2000-10-18,2000-10-18,2002-04-07T00:00:00,"ADEFOPE, JOHN O",S,Senate,RTL,RIGHT TO LIFE,NY
2024,H2FL21132,False,C,"[2022, 2024]",22,22.0,"['22', '22']","[2022, 2024]",False,2021-10-14,True,,C,Challenger,2024-01-08,2024-01-08,2024-01-08T20:59:26,"ADEIMY, DEBORAH",H,House,REP,REPUBLICAN PARTY,FL
1984,H2WI04013,False,P,"[1982, 1984, 1986, 1988, 1990, 1992]",04,4.0,"['04', '04']","[1982, 1984]",False,1982-05-03,True,,C,Challenger,1983-12-23,1983-12-23,2002-03-30T00:00:00,"ADELMAN, LYNN S",H,House,DEM,DEMOCRATIC PARTY,WI
2022,H2CT81017,False,N,[2022],81,81.0,['81'],[2022],False,2022-04-08,False,,C,Challenger,2022-04-08,2022-05-04,2022-05-16T21:09:34,"ADELPHI, ADRIAN",H,House,ICD,INDEPENDENT CONSERVATIVE DEMOCRATIC,CT
2018,S8VT00117,False,N,"[2018, 2020]",00,0.0,['00'],[2018],False,2017-06-07,False,,C,Challenger,2017-06-07,2017-06-07,2018-02-17T09:16:20,"ADELUOLA, FOLASADE",S,Senate,DEM,DEMOCRATIC PARTY,VT
2012,H0CO04148,False,N,"[2010, 2012]",04,4.0,"['04', '04']","[2010, 2012]",False,,False,,C,Challenger,,,2012-05-04T22:06:47,"ADEN, DOUG",H,House,OTH,OTHER,CO
2012,H2AR03234,False,P,"[2012, 2014]",03,3.0,['03'],[2012],False,2011-09-14,True,,C,Challenger,2011-09-14,2011-09-14,2013-04-26T09:04:30,"ADEN, KENNETH WADE",H,House,DEM,DEMOCRATIC PARTY,AR
2024,H6AL04098,False,C,"[1996, 1998, 2000, 2002, 2004, 2006, 2008, 2010, 2012, 2014, 2016, 2018, 2020, 2022, 2024]",04,4.0,"['04', '04', '04', '04', '04', '04', '04', '04', '04', '04', '04', '04', '04', '04', '04']","[1996, 1998, 2000, 2002, 2004, 2006, 2008, 2010, 2012, 2014, 2016, 2018, 2020, 2022, 2024]",False,1996-02-14,True,,I,Incumbent,2022-12-01,2022-12-01,2023-08-06T21:01:25,"ADERHOLT, ROBERT B. REP.",H,House,REP,REPUBLICAN PARTY,AL
2016,P60004793,False,P,"[2010, 2012, 2014, 2016, 2018]",00,0.0,"['00', '00']","[2012, 2016]",False,2010-09-15,True,,O,Open seat,2013-12-24,2013-12-24,2018-02-17T09:16:20,"ADESHINA, YINKA ABOSEDE",P,President,REP,REPUBLICAN PARTY,US
2018,H8TX12074,False,P,"[2018, 2020]",12,12.0,['12'],[2018],False,2017-03-22,True,,C,Challenger,2017-03-22,2017-03-22,2019-03-27T16:02:41,"ADIA, VANESSA MICHELLE",H,House,DEM,DEMOCRATIC PARTY,TX
1982,H2PA15024,False,P,"[1982, 1984, 1986, 1988, 1990, 1992, 1994]",15,15.0,['15'],[1982],False,1982-02-08,True,,C,Challenger,1982-02-08,1982-02-08,2002-03-30T00:00:00,"ADIK, STEPHEN P JR",H,House,DEM,DEMOCRATIC PARTY,PA
2016,H6HI01204,False,N,"[2016, 2018]",01,1.0,['01'],[2016],False,2016-04-18,False,,O,Open seat,2016-04-18,2016-04-18,2016-06-06T21:00:43,"ADKINS, ALEXANDER EDWARD MR",H,House,DEM,DEMOCRATIC PARTY,HI
2022,H0KS03236,False,P,"[2020, 2022, 2024]",03,3.0,"['03', '03']","[2020, 2022]",False,2019-08-30,True,,C,Challenger,2022-10-06,2022-10-06,2023-03-09T10:16:03,"ADKINS, AMANDA",H,House,REP,REPUBLICAN PARTY,KS
1992,H6MI15077,False,P,"[1986, 1988, 1990, 1992, 1994]",13,13.0,"['15', '15', '15', '13']","[1986, 1988, 1990, 1992]",False,1986-06-25,True,,C,Challenger,1992-06-24,1992-06-24,2002-03-30T00:00:00,"ADKINS, BURL C",H,House,REP,REPUBLICAN PARTY,MI
2002,H2IN05066,False,N,[2002],05,5.0,['05'],[2002],False,,False,,C,Challenger,,,2002-09-11T00:00:00,"ADKINS, CHRISTOPHER",H,House,LIB,LIBERTARIAN PARTY,IN
2020,S0TN00359,False,N,[2020],00,0.0,['00'],[2020],False,,False,,O,Open seat,,,2020-08-21T01:04:24,"ADKINS, CLIFFORD",S,Senate,REP,REPUBLICAN PARTY,TN
2000,S0WV00074,False,N,"[2000, 2002]",00,0.0,['00'],[2000],False,2000-02-08,False,,C,Challenger,2000-02-08,2000-02-08,2002-04-12T00:00:00,"ADKINS, GARRY P",S,Senate,REP,REPUBLICAN PARTY,WV
2022,H2VA07212,False,N,[2022],07,7.0,['07'],[2022],False,2021-12-14,False,,C,Challenger,2021-12-14,2021-12-14,2021-12-23T01:40:42,"ADKINS, GARY GENE",H,House,REP,REPUBLICAN PARTY,VA
2020,S0VA00096,False,C,[2020],00,0.0,['00'],[2020],False,2019-07-06,True,,C,Challenger,2019-07-06,2019-07-06,2019-10-24T21:13:24,"ADKINS, GARY GENE",S,Senate,REP,REPUBLICAN PARTY,VA
1980,P00002451,False,C,[1980],00,0.0,['00'],[1980],False,1980-02-19,False,,,,1980-02-19,1980-02-19,2002-03-30T00:00:00,"ADKINS, GORDON H",P,President,IND,INDEPENDENT,US
1996,P80000292,False,N,"[1986, 1988, 1990, 1992, 1994, 1996, 1998, 2000]",00,0.0,"['00', '00']","[1988, 1996]",False,1986-03-07,False,,C,Challenger,1994-05-18,1994-05-18,2002-04-07T00:00:00,"ADKINS, GORDON HALLMAN",P,President,UNK,UNKNOWN,US
2000,P60004520,False,N,"[1996, 2000]",00,0.0,"['00', '00']","[1996, 2000]",False,1996-06-11,False,,C,Challenger,2000-03-16,2000-03-16,2002-04-07T00:00:00,"ADKINS, JACKSON ALLEN",P,President,AIP,AMERICAN INDEPENDENT PARTY,US
2020,H0TN01183,False,P,"[2020, 2022, 2024]",01,1.0,['01'],[2020],False,2020-07-08,True,,O,Open seat,2020-07-08,2020-07-08,2021-03-29T15:22:09,"ADKINS, JAY",H,House,REP,REPUBLICAN PARTY,TN
1990,H6KY07042,False,N,"[1976, 1978, 1980, 1990]",07,7.0,"['07', '07', '07', '07']","[1976, 1978, 1980, 1990]",False,1976-05-13,False,,C,Challenger,1976-05-13,1976-05-13,2002-03-30T00:00:00,"ADKINS, RAY",H,House,DEM,DEMOCRATIC PARTY,KY
2008,H8NC02045,False,N,[2008],02,2.0,['02'],[2008],False,,False,,C,Challenger,,,2008-09-18T00:00:00,"ADKINS, WILL",H,House,LIB,LIBERTARIAN PARTY,NC
2012,H2KY04139,False,C,[2012],04,4.0,['04'],[2012],False,2012-02-29,True,,O,Open seat,2012-02-29,2012-02-29,2012-04-17T21:43:49,"ADKINS, WILLIAM R. ""BILL""",H,House,DEM,DEMOCRATIC PARTY,KY
1994,H4KY02055,False,N,"[1994, 1996, 1998, 2000]",02,2.0,['02'],[1994],False,1994-06-23,True,,C,Challenger,1994-06-23,1994-06-23,2002-04-07T00:00:00,"ADKISSON, DAVID C",H,House,DEM,DEMOCRATIC PARTY,KY
2015,H6NY11208,False,N,[2016],11,11.0,['11'],[2015],False,2015-02-12,False,,O,Open seat,2015-02-12,2015-02-12,2015-04-01T21:21:47,"ADLER, AMBER LASHELLE",H,House,DEM,DEMOCRATIC PARTY,NY
1982,S2VT00078,False,N,[1982],00,0.0,['00'],[1982],False,,False,,,,,,2002-03-30T00:00:00,"ADLERBERT, BO",S,Senate,LIB,LIBERTARIAN PARTY,VT
2011,H2CA36348,False,P,[2012],36,36.0,['36'],[2011],False,2011-04-01,True,,O,Open seat,2011-04-01,2011-04-01,2011-12-20T23:00:07,"ADLER, DANIEL H",H,House,DEM,DEMOCRATIC PARTY,CA
1984,H4WI03011,False,N,[1984],03,3.0,['03'],[1984],False,1984-02-27,True,,,,1984-02-27,1984-02-27,2002-03-30T00:00:00,"ADLER, DAVID GRAY",H,House,DEM,DEMOCRATIC PARTY,WI
2020,H0FL05170,False,C,[2020],05,5.0,['05'],[2020],False,2020-02-25,True,,C,Challenger,2020-06-25,2020-06-25,2020-07-02T21:11:49,"ADLER, GARY",H,House,REP,REPUBLICAN PARTY,FL
1982,H0CA32010,False,P,"[1980, 1982, 1984, 1986, 1988, 1990]",27,27.0,"['32', '32']","[1980, 1982]",False,1979-08-01,True,,C,Challenger,1983-12-15,1983-12-15,2002-03-30T00:00:00,"ADLER, JOHN",H,House,REP,REPUBLICAN PARTY,CA
2008,S8NJ00368,False,C,"[2004, 2006, 2008]",00,0.0,['00'],[2008],False,2003-02-25,True,,C,Challenger,2007-11-27,2007-11-27,2008-04-21T00:00:00,"ADLER, JOHN H",S,Senate,DEM,DEMOCRATIC PARTY,NJ
2010,H8NJ03156,False,P,"[2008, 2010, 2012]",03,3.0,"['03', '03']","[2008, 2010]",False,2007-09-20,True,,C,Challenger,2008-12-10,2008-12-10,2012-02-28T11:52:34,"ADLER, JOHN H",H,House,DEM,DEMOCRATIC PARTY,NJ
1990,H0NJ13061,False,P,"[1990, 1992, 1994, 1996]",13,13.0,['13'],[1990],False,1990-01-16,True,,C,Challenger,1990-01-16,1990-01-16,2002-04-02T00:00:00,"ADLER, JOHN H",H,House,DEM,DEMOCRATIC PARTY,NJ
2010,H0AR01182,False,N,[2010],01,1.0,['01'],[2010],False,,False,,O,Open seat,,,2010-09-20T22:28:57,"ADLER, KEN",H,House,GRE,GREEN PARTY,AR
2012,H2NJ03183,False,P,"[2012, 2014, 2016]",03,3.0,['03'],[2012],False,2012-02-13,True,,C,Challenger,2012-02-13,2012-02-13,2013-04-26T09:04:30,"ADLER, SHELLEY",H,House,DEM,DEMOCRATIC PARTY,NJ
1996,H6CA26118,False,N,[1996],26,26.0,['26'],[1996],False,1995-08-03,True,,C,Challenger,1995-08-03,1995-08-03,2002-04-02T00:00:00,"ADLER, STUART O",H,House,REP,REPUBLICAN PARTY,CA
1978,H8CO01030,False,P,"[1978, 1980]",01,1.0,['01'],[1978],False,1978-07-06,True,,,,1978-07-06,1978-07-06,2002-03-30T00:00:00,"ADLEY, SUSAN LORRAINE",H,House,SWP,SOCIALIST WORKERS PARTY,CO
2020,H0TX17146,False,C,[2020],17,17.0,['17'],[2020],False,2019-10-23,True,,O,Open seat,2020-01-20,2020-01-20,2020-02-20T21:29:54,"ADNAN, AHMAD",H,House,REP,REPUBLICAN PARTY,TX
2024,H4IN03240,False,C,[2024],03,3.0,['03'],[2024],False,2023-08-14,True,,O,Open seat,2023-08-14,2023-08-14,2023-10-15T21:01:49,"ADOLPH, KILEY DR.",H,House,DEM,DEMOCRATIC PARTY,IN
2006,H6NY08105,False,N,[2006],08,8.0,['08'],[2006],False,,False,,C,Challenger,,,2006-08-09T00:00:00,"ADORNATO, DENNIS E.",H,House,CRV,CONSERVATIVE PARTY,NY
2024,H4NY01188,False,N,[2024],01,1.0,['01'],[2024],False,2024-02-04,False,,C,Challenger,2024-02-04,2024-02-20,2024-04-19T21:00:52,"ADORNO, JARRETT",H,House,IND,INDEPENDENT,NY
2012,H2OH06086,False,N,"[2012, 2014, 2016, 2018]",06,6.0,['06'],[2012],False,2012-01-18,False,,C,Challenger,2012-03-20,2012-03-20,2012-03-21T22:00:27,"ADULEWICZ, CAS",H,House,DEM,DEMOCRATIC PARTY,OH
2020,P00009563,False,N,"[2020, 2022, 2024]",00,0.0,['00'],[2020],False,2019-01-27,False,,C,Challenger,2019-01-27,2019-01-27,2021-12-08T06:50:50,"AEBI, ESTHER CAROLINE",P,President,DEM,DEMOCRATIC PARTY,US
2006,H6AS00023,False,N,[2006],00,0.0,['00'],[2006],False,,False,,C,Challenger,,,2006-09-21T00:00:00,"AE, MUAVAEFAATASI AE, JR.",H,House,IND,INDEPENDENT,AS
2020,H0MI03290,False,P,"[2020, 2022, 2024]",03,3.0,['03'],[2020],False,2019-07-03,True,,C,Challenger,2019-07-03,2019-07-03,2021-03-29T15:22:09,"AFENDOULIS, LYNN",H,House,REP,REPUBLICAN PARTY,MI
2008,H8AZ01088,False,C,[2008],01,1.0,['01'],[2008],False,2007-04-23,True,,O,Open seat,2007-05-02,2007-05-02,2008-07-21T00:00:00,"AFFELDT, ALLAN",H,House,DEM,DEMOCRATIC PARTY,AZ
1998,H8PA15146,False,P,"[1998, 2000, 2002, 2004]",15,15.0,['15'],[1998],False,1998-01-14,True,,C,Challenger,1998-01-14,1998-01-14,2002-04-12T00:00:00,"AFFLERBACH, ROY C",H,House,DEM,DEMOCRATIC PARTY,PA
2000,S0NJ00126,False,N,[2000],00,0.0,['00'],[2000],False,,False,,O,Open seat,,,2002-04-07T00:00:00,"AFRAN, BRUCE",S,Senate,IND,INDEPENDENT,NJ
2004,H4NJ12099,False,N,"[2004, 2006]",12,12.0,['12'],[2004],False,2004-01-14,False,,C,Challenger,2004-01-14,2004-01-14,2004-01-15T00:00:00,"AFRAN, BRUCE IRA",H,House,REP,REPUBLICAN PARTY,NJ
2024,P40017493,False,N,[2024],00,0.0,['00'],[2024],False,2023-12-17,False,,C,Challenger,2023-12-17,2023-12-17,2023-12-26T20:59:36,"AFRICACANA, QUINCI",P,President,REP,REPUBLICAN PARTY,US
2012,H2MD06229,False,P,"[2012, 2014, 2016, 2018]",06,6.0,['06'],[2012],False,2012-01-30,True,,C,Challenger,2012-01-30,2012-01-30,2013-04-26T09:04:30,"AFZALI, KATHY",H,House,REP,REPUBLICAN PARTY,MD
2020,P00014688,False,N,[2020],00,0.0,['00'],[2020],False,2019-12-03,False,,C,Challenger,2019-12-03,2019-12-03,2019-12-30T21:08:41,"AFZAL, INNAYA FATIMA MS.",P,President,REP,REPUBLICAN PARTY,US
2022,H2NV02536,False,N,"[2022, 2024]",02,2.0,['02'],[2022],False,2022-03-13,True,,C,Challenger,2022-03-13,2022-03-13,2022-03-14T21:09:28,"AFZAL, JOSEPH EDWARD",H,House,DEM,DEMOCRATIC PARTY,NV
2024,P40021404,False,N,[2024],00,0.0,['00'],[2024],False,2024-09-06,False,,,,2024-09-06,2024-09-06,2024-09-06T21:01:30,"AFZAL, KHURRAM",P,President,DEM,DEMOCRATIC PARTY,US
2012,H2OH13199,False,P,"[2012, 2014]",13,13.0,['13'],[2012],False,2011-12-13,True,,C,Challenger,2012-01-10,2012-01-10,2013-04-26T09:04:30,"AGANA, MARISHA GUZMAN",H,House,REP,REPUBLICAN PARTY,OH
2022,H2OH05054,False,N,[2022],05,5.0,['05'],[2022],False,2021-03-03,False,,C,Challenger,2021-03-03,2021-03-03,2021-03-06T01:06:48,"AGAN, JEFFREY JOHN MR. JR",H,House,DEM,DEMOCRATIC PARTY,OH
1986,H6HI01139,False,N,[1986],01,1.0,['01'],[1986],False,1986-09-08,False,,O,Open seat,1986-09-08,1986-10-14,2002-03-30T00:00:00,"AGARD, LOUIS K JR",H,House,DEM,DEMOCRATIC PARTY,HI
1992,H2NY04087,False,N,[1992],04,4.0,['04'],[1992],False,,False,,O,Open seat,,,2002-03-30T00:00:00,"AGATSTEIN, HELENE B.",H,House,LIB,LIBERTARIAN PARTY,NY
2020,H0CA28133,False,N,"[2020, 2022, 2024]",28,28.0,['28'],[2020],False,2019-03-04,False,,C,Challenger,2019-03-04,2019-03-04,2019-03-25T21:06:42,"AGBEDE, AKINYEMI",H,House,DEM,DEMOCRATIC PARTY,CA
2024,S6CA00634,False,N,"[2016, 2020, 2022, 2024]",,,"['00', '00', None]","[2016, 2022, 2024]",False,2015-03-10,False,,O,Open seat,2022-08-01,2022-08-01,2023-02-16T21:49:38,"AGBEDE, AKINYEMI",S,Senate,DEM,DEMOCRATIC PARTY,CA
2012,S2FL00235,False,N,"[2012, 2014, 2016, 2018]",00,0.0,['00'],[2012],False,2011-04-12,False,,C,Challenger,2012-07-18,2012-07-18,2018-02-17T09:16:20,"AGBEDE, AKINYEMI",S,Senate,REP,REPUBLICAN PARTY,FL
2010,H0PA01275,False,N,"[2010, 2012, 2014, 2016, 2018]",01,1.0,['01'],[2010],False,2009-10-05,False,,C,Challenger,2009-10-05,2009-12-23,2009-10-08T21:52:55,"AGBEMBLE, BISMARK",H,House,DEM,DEMOCRATIC PARTY,PA
1980,H0KY02020,False,N,[1980],02,2.0,['02'],[1980],False,,False,,,,,,2002-03-30T00:00:00,"AGERS, REX",H,House,REP,REPUBLICAN PARTY,KY
1996,H6NY20142,False,P,"[1996, 1998, 2000, 2002]",20,20.0,['20'],[1996],False,1996-01-11,True,,C,Challenger,1996-01-11,1996-01-11,2002-04-12T00:00:00,"AGGARWAL, YASH P",H,House,DEM,DEMOCRATIC PARTY,NY
1982,H2PA17038,False,N,[1982],17,17.0,['17'],[1982],False,,False,,O,Open seat,,,2002-03-30T00:00:00,"AGLER, RICHARD",H,House,DEM,DEMOCRATIC PARTY,PA
1980,H0MO09028,False,P,"[1980, 1982, 1984]",09,9.0,['09'],[1980],False,1980-01-28,True,,,,1980-01-28,1980-01-28,2002-03-30T00:00:00,"AGLER, TERRY G",H,House,REP,REPUBLICAN PARTY,MO
2018,H8WA05185,False,P,"[2018, 2020]",05,5.0,['05'],[2018],False,2017-07-24,True,,C,Challenger,2017-07-24,2017-07-24,2019-03-27T16:02:41,"AGNEW, ERIC MR.",H,House,IND,INDEPENDENT,WA
2014,S4TN00369,False,N,"[2014, 2016, 2018]",00,0.0,['00'],[2014],False,,True,,C,Challenger,,,2018-02-17T09:16:20,"AGNEW, FRANK CHRISTIAN",S,Senate,REP,REPUBLICAN PARTY,TN
1982,H2LA06017,False,N,[1982],06,6.0,['06'],[1982],False,,False,,,,,,2002-03-30T00:00:00,"AGNEW, JAMES D",H,House,IND,INDEPENDENT,LA
2022,H2NY11165,False,P,"[2022, 2024]",11,11.0,['11'],[2022],False,2021-12-31,True,,C,Challenger,2021-12-31,2021-12-31,2023-03-09T10:16:03,"AGODA-KOUSSEMA, KOMI L.T. DR.",H,House,DEM,DEMOCRATIC PARTY,NY
2010,H0PA12165,False,N,[2010],12,12.0,['12'],[2010],False,,False,,O,Open seat,,,2010-05-19T22:35:48,"AGORIS, DEMO",H,House,LIB,LIBERTARIAN PARTY,PA
2024,P40007718,False,N,"[2022, 2024]",00,0.0,['00'],[2024],False,2022-04-15,False,,C,Challenger,2022-04-15,2022-04-15,2023-01-12T22:24:01,"AGORKLE, ROLAND KWADWO DELA PROF.",P,President,DEM,DEMOCRATIC PARTY,US
2010,H0NJ00019,False,P,"[2010, 2012]",09,9.0,['09'],[2010],False,2010-04-29,True,,C,Challenger,,2010-04-29,2011-02-24T10:53:12,"AGOSTA, MICHAEL",H,House,REP,REPUBLICAN PARTY,NJ
2016,H6AZ09036,False,P,"[2016, 2018, 2020]",09,9.0,['09'],[2016],False,2016-02-22,True,,C,Challenger,2016-02-22,2016-02-22,2017-02-23T14:47:46,"AGRA, JOHN",H,House,REP,REPUBLICAN PARTY,AZ
1992,P20000626,False,P,"[1992, 1994]",00,0.0,['00'],[1992],True,1991-08-21,True,,C,Challenger,1991-08-21,1991-08-21,2002-03-30T00:00:00,"AGRAN, LARRY",P,President,DEM,DEMOCRATIC PARTY,US
2000,H0GA03025,False,N,[2000],03,3.0,['03'],[2000],False,,False,,C,Challenger,,,2002-04-07T00:00:00,"AGRAWAL, J P",H,House,DEM,DEMOCRATIC PARTY,GA
2008,H8CA38101,False,N,[2008],38,38.0,['38'],[2008],False,,False,,C,Challenger,,,2008-04-04T00:00:00,"AGRELLA, CHRISTOPHER",H,House,LIB,LIBERTARIAN PARTY,CA
2009,H0CA32184,False,N,[2010],32,32.0,['32'],[2009],False,,False,,O,Open seat,,,2009-04-23T00:00:00,"AGRELLA, CHRISTOPHER",H,House,LIB,LIBERTARIAN PARTY,CA
2012,S2TX00460,False,N,[2012],00,0.0,['00'],[2012],False,,False,,O,Open seat,,,2012-05-04T22:06:47,"AGRIS, JOE",S,Senate,REP,REPUBLICAN PARTY,TX
1984,H4TX06018,False,C,[1984],22,22.0,['22'],[1984],False,1983-01-17,True,,O,Open seat,1984-04-13,1984-04-13,2002-03-30T00:00:00,"AGRIS, JOSEPH",H,House,REP,REPUBLICAN PARTY,TX
2010,S0TX00159,True,C,"[2008, 2010]",00,0.0,"['00', '00']","[2009, 2010]",False,2008-12-19,True,[2010],C,Challenger,2009-01-09,2009-01-09,2009-12-18T21:48:30,"AGUADO, ALMA LUDIVINA MD",S,Senate,DEM,DEMOCRATIC PARTY,TX
2022,H2AK00374,False,N,[2022],00,0.0,['00'],[2022],False,,False,,O,Open seat,,,2022-07-25T23:03:23,"AGUAYO, DENNIS W. ""DENNY""",H,House,N,NONPARTISAN,AK
2020,H0TX16098,False,P,"[2020, 2022, 2024]",16,16.0,['16'],[2020],False,2019-06-15,True,,C,Challenger,2019-06-15,2019-06-15,2021-03-29T15:22:09,"AGUERO, PEDRO ANTONIO JR JR.",H,House,REP,REPUBLICAN PARTY,TX
2010,H0CA24132,False,N,[2010],24,24.0,['24'],[2010],False,2010-06-16,False,,C,Challenger,2010-08-02,2010-08-02,2010-08-10T22:17:49,"AGUIAR, LANCE",H,House,UNK,UNKNOWN,CA
2020,P00006247,False,N,"[2018, 2020, 2022, 2024]",00,0.0,['00'],[2020],False,2017-08-16,False,,C,Challenger,2017-08-16,2017-08-16,2021-12-08T06:50:50,"AGUIAR, MICHAEL",P,President,DEM,DEMOCRATIC PARTY,US
2016,P60008182,False,N,[2016],00,0.0,['00'],[2016],False,2015-06-19,False,,O,Open seat,2015-06-19,2015-06-19,2016-11-17T06:10:48,"AGUILAR, DANNY GOOGLE",P,President,W,WRITE-IN,US
2022,H0FL04140,False,P,"[2020, 2022, 2024]",04,4.0,"['04', '04']","[2020, 2022]",False,2019-08-19,True,,C,Challenger,2021-07-16,2021-07-16,2023-03-09T10:16:03,"AGUILAR, ERICK JAVIER",H,House,REP,REPUBLICAN PARTY,FL
2012,H2IL17097,False,P,"[2012, 2014, 2016]",17,17.0,['17'],[2012],False,2011-08-24,True,,C,Challenger,2011-08-24,2011-08-24,2013-04-26T09:04:30,"AGUILAR, GREGORIO MIGUEL",H,House,DEM,DEMOCRATIC PARTY,IL
2024,P40009896,False,N,"[2022, 2024]",00,0.0,['00'],[2024],False,2022-11-27,False,,C,Challenger,2022-11-27,2022-11-27,2023-01-12T22:24:01,"AGUILAR, JAMES EVERETT",P,President,REP,REPUBLICAN PARTY,US
2024,H2CA31125,False,C,"[2012, 2014, 2016, 2018, 2020, 2022, 2024]",33,33.0,"['31', '31', '31', '31', '31', '33', '33']","[2012, 2014, 2016, 2018, 2020, 2022, 2024]",False,2012-01-17,True,,I,Incumbent,2023-01-12,2023-01-12,2023-01-31T21:14:36,"AGUILAR, PETE",H,House,DEM,DEMOCRATIC PARTY,CA
2024,H4AZ03125,False,C,[2024],03,3.0,['03'],[2024],False,2023-05-25,True,,O,Open seat,2023-05-25,2023-05-25,2023-07-17T21:04:17,"AGUILAR, YLENIA",H,House,DEM,DEMOCRATIC PARTY,AZ
2020,H8CA19051,False,N,"[2018, 2020, 2022]",19,19.0,"['19', '19']","[2018, 2020]",False,2018-07-24,True,,C,Challenger,2018-07-24,2018-07-24,2020-01-31T21:11:28,"AGUILERA, JUSTIN",H,House,REP,REPUBLICAN PARTY,CA
2018,H8TX08114,False,N,[2018],08,8.0,['08'],[2018],False,,False,,C,Challenger,,,2018-03-26T23:01:41,"AGUIN, BERT",H,House,LIB,LIBERTARIAN PARTY,TX
2012,H2AZ03137,False,P,"[2012, 2014]",03,3.0,['03'],[2012],False,2012-03-15,True,,C,Challenger,2012-03-15,2012-03-15,2013-04-26T09:04:30,"AGUIRRE, AMANDA",H,House,DEM,DEMOCRATIC PARTY,AZ
2000,H6CA46074,False,N,"[1996, 2000]",22,22.0,"['46', '22']","[1996, 2000]",False,,False,,C,Challenger,,,2002-04-07T00:00:00,"AGUIRRE, J CARLOS",H,House,NLP,NATURAL LAW PARTY,CA
2022,H2IL03188,False,P,"[2022, 2024]",03,3.0,['03'],[2022],False,2022-02-01,True,,C,Challenger,2022-02-01,2022-02-01,2023-03-09T10:16:03,"AGUIRRE, JUAN ENRIQUE",H,House,DEM,DEMOCRATIC PARTY,IL
1982,H2CA42015,False,P,"[1982, 1984, 1986, 1988, 1990, 1992]",44,44.0,['44'],[1982],False,1981-08-03,True,,C,Challenger,1982-03-08,1982-03-08,2002-03-30T00:00:00,"AGUIRRE, MICHAEL JULES",H,House,DEM,DEMOCRATIC PARTY,CA
2020,S0IL00535,False,N,"[2020, 2022, 2024]",00,0.0,['00'],[2020],False,2019-07-21,False,,C,Challenger,2019-07-21,2019-07-21,2021-12-08T06:50:51,"AGUN, BURAK",S,Senate,REP,REPUBLICAN PARTY,IL
2020,P00011536,False,N,[2020],00,0.0,['00'],[2020],False,2019-04-21,False,,C,Challenger,2019-04-21,2019-04-21,2019-06-10T21:08:12,"AGUN, BURAK",P,President,DEM,DEMOCRATIC PARTY,US
2024,H4TX07081,False,C,[2024],07,7.0,['07'],[2024],False,2023-02-03,True,,C,Challenger,2023-02-03,2023-02-03,2023-04-16T21:09:31,"AGWAN, PERVEZ S",H,House,DEM,DEMOCRATIC PARTY,TX
2010,H0NV03017,False,N,[2010],03,3.0,['03'],[2010],False,2009-07-17,False,,C,Challenger,2010-06-02,2010-06-02,2010-09-23T23:17:20,"AHERN, ELEANOR C 'ELLIE'",H,House,REP,REPUBLICAN PARTY,NV
1992,P00000810,False,N,"[1980, 1982, 1986, 1988, 1990, 1992, 1994, 1996, 1998]",00,0.0,"['00', '00', '00']","[1980, 1988, 1992]",False,1979-05-30,True,,C,Challenger,1990-07-16,1990-07-16,2002-04-03T00:00:00,"AHERN, FRANK",P,President,IND,INDEPENDENT,US
1998,H8IL01064,False,N,[1998],01,1.0,['01'],[1998],False,,False,,C,Challenger,,,2002-04-03T00:00:00,"AHIMAZ, MARLENE WHITE",H,House,REP,REPUBLICAN PARTY,IL
2020,S0SD00070,False,P,"[2020, 2022]",00,0.0,['00'],[2020],False,2019-09-30,True,,C,Challenger,2019-09-30,2019-09-30,2021-12-08T06:50:51,"AHLERS, DAN",S,Senate,DEM,DEMOCRATIC PARTY,SD
2020,P00016279,False,N,[2020],00,0.0,['00'],[2020],False,2020-06-11,False,,C,Challenger,2020-06-11,2020-06-11,2020-08-21T01:04:24,"AHL, JOSEPH BRIAN MR",P,President,UN,UNAFFILIATED,US
2012,S8MD00088,False,P,"[1988, 2012, 2014]",00,0.0,"['00', '00']","[1988, 2012]",False,1988-05-13,True,,C,Challenger,2012-07-09,2012-07-09,2013-04-26T09:04:30,"AHMAD, IMAD ALDEAN",S,Senate,LIB,LIBERTARIAN PARTY,MD
1996,S6IL00201,False,P,"[1996, 1998, 2000]",00,0.0,['00'],[1996],False,1995-10-04,True,,C,Challenger,1995-10-04,1995-10-04,2002-04-07T00:00:00,"AHMAD, JALIL",S,Senate,DEM,DEMOCRATIC PARTY,IL
2024,H4IL06120,False,C,[2024],06,6.0,['06'],[2024],False,2023-08-04,True,,C,Challenger,2023-08-04,2023-08-04,2024-02-02T21:02:03,"AHMAD, MAHNOOR",H,House,DEM,DEMOCRATIC PARTY,IL
2018,H8PA01237,False,C,[2018],01,1.0,['01'],[2018],False,2017-12-01,True,,O,Open seat,2017-12-01,2017-12-01,2018-02-06T21:17:45,"AHMAD, NILOFER NINA",H,House,DEM,DEMOCRATIC PARTY,PA
1996,H6PA01140,False,N,"[1996, 1998]",01,1.0,['01'],[1996],False,,False,,C,Challenger,,,2002-04-03T00:00:00,"AHMAD, SULTAN",H,House,,,PA
2022,H2IL08146,False,P,"[2022, 2024]",08,8.0,['08'],[2022],False,2021-04-06,True,,C,Challenger,2021-04-14,2021-04-14,2023-03-09T10:16:03,"AHMED, JUNAID",H,House,DEM,DEMOCRATIC PARTY,IL
2018,H6CA31159,False,N,"[2016, 2018, 2020, 2022]",31,31.0,"['31', '31']","[2016, 2018]",False,2018-01-25,False,,C,Challenger,2018-01-25,2018-01-25,2018-04-11T21:09:46,"AHMED, KAISAR",H,House,DEM,DEMOCRATIC PARTY,CA
2022,S2NY00481,False,N,[2022],00,0.0,['00'],[2022],False,2022-01-07,False,,C,Challenger,2022-01-07,2022-02-14,2022-01-13T01:40:22,"AHMED, MOHAMMAD MOKHTAR",S,Senate,VET,VETERANS PARTY,NY
1992,H2CA46016,False,C,[1992],46,46.0,['46'],[1992],False,1992-02-18,True,,C,Challenger,1992-02-18,1992-02-18,2002-03-30T00:00:00,"AHMED, NAZEER",H,House,DEM,DEMOCRATIC PARTY,CA
2011,H2OR01141,False,N,[2012],01,1.0,['01'],[2011],False,,False,,O,Open seat,,,2011-10-03T23:00:33,"AHMED, SABA",H,House,DEM,DEMOCRATIC PARTY,OR
2006,H6KS03167,False,P,"[2006, 2008, 2010, 2012]",03,3.0,['03'],[2006],False,2005-08-21,True,,C,Challenger,2005-08-29,2005-08-29,2009-04-29T22:11:29,"AHNER, CHUCK",H,House,REP,REPUBLICAN PARTY,KS
2017,H8CA34217,False,N,[2018],34,34.0,['34'],[2017],False,2017-02-02,False,,O,Open seat,2017-02-02,2017-02-02,2017-03-01T21:00:33,"AHN, JASON DR.",H,House,DEM,DEMOCRATIC PARTY,CA
2018,H8WA08114,False,N,[2018],08,8.0,['08'],[2018],False,2017-03-10,True,,O,Open seat,2017-03-10,2017-03-10,2018-01-09T21:09:43,"AHN, POGA",H,House,DEM,DEMOCRATIC PARTY,WA
2017,H8CA34258,False,P,"[2018, 2020, 2022, 2024]",34,34.0,['34'],[2017],False,2017-02-07,True,,O,Open seat,2017-02-07,2017-02-07,2019-03-27T16:02:41,"AHN, ROBERT LEE",H,House,DEM,DEMOCRATIC PARTY,CA
2024,P00008193,False,N,"[2018, 2020, 2022, 2024]",00,0.0,"['00', '00']","[2020, 2024]",False,2018-08-26,True,,C,Challenger,2022-05-22,2022-05-22,2023-01-12T22:24:01,"AHN, SHINAE MS",P,President,DEM,DEMOCRATIC PARTY,US
2000,H0TX03062,False,N,[2000],03,3.0,['03'],[2000],False,,False,,C,Challenger,,,2002-04-07T00:00:00,"AHRENS, ANNA LEE",H,House,NLP,NATURAL LAW PARTY,TX
2022,H2NC02279,False,N,"[2022, 2024]",02,2.0,['02'],[2022],False,2021-11-30,False,,C,Challenger,2021-11-30,2021-11-30,2021-12-23T01:40:42,"AHRENS, RICHARD JAMES JR.",H,House,REP,REPUBLICAN PARTY,NC
2016,H6HI01220,False,N,[2016],01,1.0,['01'],[2016],False,,False,,O,Open seat,,,2016-08-17T21:29:25,"AHU ISA , LEI (LEINAALA)",H,House,DEM,DEMOCRATIC PARTY,HI
2024,H4CA32145,False,N,[2024],32,32.0,['32'],[2024],False,2023-12-01,False,,C,Challenger,2023-12-01,2023-12-01,2023-12-26T20:59:36,"AHUJA, CHRISTOPHER",H,House,DEM,DEMOCRATIC PARTY,CA
2020,H0CA35138,False,N,[2020],35,35.0,['35'],[2020],False,2019-09-12,False,,C,Challenger,2019-09-12,2019-09-12,2019-09-18T21:12:14,"AHUMADA, ALFREDO",H,House,DEM,DEMOCRATIC PARTY,CA
2002,H0TX27012,False,P,"[2000, 2002, 2004]",27,27.0,"['27', '27']","[2000, 2002]",False,2000-01-05,True,,C,Challenger,2002-01-30,2002-01-30,2002-10-15T00:00:00,"AHUMADA, PATRICIA M",H,House,REP,REPUBLICAN PARTY,TX
2022,H4NC02127,False,P,"[2014, 2016, 2022, 2024]",04,4.0,"['02', '04']","[2014, 2022]",False,2014-01-31,True,,O,Open seat,2022-01-11,2022-01-11,2023-03-09T10:16:03,"AIKEN, CLAYTON CLAY",H,House,DEM,DEMOCRATIC PARTY,NC
2024,H4DE01084,False,N,[2024],00,0.0,['00'],[2024],False,2023-08-29,False,,O,Open seat,2023-08-29,2023-08-29,2023-08-30T21:02:38,"AIKEN, CURTIS MORRIS MR III",H,House,DEM,DEMOCRATIC PARTY,DE
1982,H2MD04034,False,P,"[1982, 1984]",04,4.0,['04'],[1982],False,1982-10-15,False,,,,1982-11-29,1982-11-29,2002-03-30T00:00:00,"AIKEN, PATRICIA OBRIEN",H,House,DEM,DEMOCRATIC PARTY,MD
1996,H6TX02053,False,N,"[1996, 1998]",02,2.0,['02'],[1996],False,1995-03-15,False,,C,Challenger,1995-03-15,1995-03-15,2002-04-03T00:00:00,"AIKENS, THOMAS ANTHONY SR",H,House,REP,REPUBLICAN PARTY,TX
2014,H4TX28079,False,N,[2014],28,28.0,['28'],[2014],False,,False,,C,Challenger,,,2014-02-09T22:00:46,"AIKENS, WILLIAM",H,House,LIB,LIBERTARIAN PARTY,TX
2022,H2NC01255,False,P,"[2022, 2024]",01,1.0,['01'],[2022],False,2022-03-27,True,,O,Open seat,2022-03-27,2022-03-27,2023-03-09T10:16:03,"AIKEN, WILLIAM",H,House,REP,REPUBLICAN PARTY,NC
2017,H8UT03196,False,C,[2018],03,3.0,['03'],[2017],False,2017-05-30,True,,O,Open seat,2017-05-30,2017-05-30,2017-08-01T20:57:28,"AINGE, TANNER D",H,House,REP,REPUBLICAN PARTY,UT
1978,H8NY06022,False,P,"[1978, 1980]",06,6.0,['06'],[1978],False,1978-07-03,False,,,,1978-07-03,1978-07-03,2002-03-30T00:00:00,"AIN, STUART L.",H,House,REP,REPUBLICAN PARTY,NY
2022,S2CA00963,False,N,"[2022, 2024]",00,0.0,['00'],[2022],False,2021-02-10,False,,C,Challenger,2021-02-10,2021-02-10,2021-12-08T06:50:51,"AINSWORTH, BRIAN KEVIN",S,Senate,REP,REPUBLICAN PARTY,CA
1978,H8CA31031,False,P,"[1978, 1980]",31,31.0,['31'],[1978],False,1977-11-29,True,,,,1977-11-29,1979-06-14,2002-03-30T00:00:00,"AINSWORTH, JON",H,House,DEM,DEMOCRATIC PARTY,CA
2006,H6HI02335,False,N,"[2006, 2008, 2010, 2012, 2014, 2016, 2018]",02,2.0,['02'],[2006],False,,False,,C,Challenger,,,2013-01-08T22:19:59,"AIPOALANI, HANALEI Y",H,House,DEM,DEMOCRATIC PARTY,HI
2016,P60018728,False,N,[2016],00,0.0,['00'],[2016],False,2015-12-27,False,,O,Open seat,2015-12-27,2015-12-27,2016-11-17T06:10:49,"AISHI, AYANO",P,President,W,WRITE-IN,US
1982,H2OR05076,False,N,[1982],05,5.0,['05'],[1982],False,,True,,,,,,2002-03-30T00:00:00,"AITCHISON, GREG",H,House,IND,INDEPENDENT,OR
2014,H6IN10174,False,N,"[1996, 2012, 2014]",07,7.0,"['10', '07', '07']","[1996, 2012, 2014]",False,2011-11-30,False,,C,Challenger,2011-11-30,2011-11-30,2014-03-10T23:41:29,"AJABU, MMOJA",H,House,DEM,DEMOCRATIC PARTY,IN
2004,H4NJ08063,False,P,"[2004, 2006, 2008, 2010]",08,8.0,['08'],[2004],False,2004-01-23,True,,C,Challenger,2004-01-28,2004-01-28,2005-03-02T00:00:00,"AJJAN, GEORGE CHARLES",H,House,REP,REPUBLICAN PARTY,NJ
2016,P60015666,False,N,[2016],00,0.0,['00'],[2016],False,2015-09-22,False,,O,Open seat,2015-09-22,2015-09-22,2016-11-17T06:10:49,"AKAINU, SAKAZUKI F ADMIRAL",P,President,CRV,CONSERVATIVE PARTY,US
2012,S0HI00084,False,P,"[1990, 1992, 1994, 1996, 1998, 2000, 2002, 2004, 2006, 2008, 2010, 2012, 2014]",00,0.0,"['00', '00', '00', '00', '00']","[1990, 1994, 2000, 2006, 2012]",False,1990-05-08,True,[2012],C,Challenger,2007-01-23,2007-03-15,2013-04-26T09:04:30,"AKAKA, DANIEL KAHIKINA",S,Senate,DEM,DEMOCRATIC PARTY,HI
1988,H6HI02046,False,P,"[1976, 1978, 1980, 1982, 1984, 1986, 1988, 1990, 1992]",02,2.0,"['02', '02', '02', '02', '02', '02', '02']","[1976, 1978, 1980, 1982, 1984, 1986, 1988]",False,1976-05-25,True,,C,Challenger,1988-05-26,1988-05-26,2002-03-30T00:00:00,"AKAKA, DANIEL KAHIKINA",H,House,DEM,DEMOCRATIC PARTY,HI
2022,H0HI02213,False,P,"[2020, 2022, 2024]",02,2.0,"['02', '02']","[2020, 2022]",False,2020-03-16,True,,C,Challenger,2020-03-16,2022-07-28,2023-03-09T10:16:03,"AKANA, JOSEPH",H,House,REP,REPUBLICAN PARTY,HI
1998,S8SD00065,False,P,"[1998, 2000, 2002, 2004]",00,0.0,['00'],[1998],False,1997-06-03,True,,C,Challenger,1997-06-03,1997-06-03,2002-04-12T00:00:00,"AKER, ALAN",S,Senate,REP,REPUBLICAN PARTY,SD
2000,H0TX19035,False,N,[2000],19,19.0,['19'],[2000],False,,False,,C,Challenger,,,2002-04-07T00:00:00,"AKER, DEBORAH",H,House,NLP,NATURAL LAW PARTY,TX
2024,P40016487,False,N,[2024],00,0.0,['00'],[2024],False,2023-11-24,False,,C,Challenger,2023-11-24,2023-12-13,2023-11-27T21:01:28,"AKERS, BIKERBOB MR.",P,President,IND,INDEPENDENT,US
2024,P40018673,False,N,[2024],00,0.0,['00'],[2024],False,2024-01-12,False,,C,Challenger,2024-01-12,2024-01-30,2024-01-22T20:58:30,"AKERS, BIKERBOB MR.",P,President,IND,INDEPENDENT,US
2010,S0WA00308,False,P,"[2010, 2012]",00,0.0,['00'],[2010],False,2010-02-05,True,,C,Challenger,2010-02-05,2010-02-05,2011-06-21T09:19:11,"AKERS, PAUL",S,Senate,REP,REPUBLICAN PARTY,WA
2020,P00016931,False,N,"[2020, 2022, 2024]",00,0.0,['00'],[2020],False,2020-07-31,False,,C,Challenger,2020-07-31,2020-08-11,2021-12-08T06:50:50,"AKERS, ROBERT GALE MR.",P,President,W,WRITE-IN,US
1994,S4MD00145,False,N,[1994],00,0.0,['00'],[1994],False,,False,,C,Challenger,,,2002-03-30T00:00:00,"AKERS, WILLIAM ATTERBERRY",S,Senate,IND,INDEPENDENT,MD
1984,H4OH14029,False,N,[1984],14,14.0,['14'],[1984],False,,False,,,,,,2002-03-30T00:00:00,"AKERS, W T BOB JR",H,House,REP,REPUBLICAN PARTY,OH
2012,H2CA02134,False,C,[2012],02,2.0,['02'],[2012],False,2011-10-11,True,,O,Open seat,2011-10-11,2011-10-11,2012-02-07T21:37:26,"AKHLAGHI, BANAFSHEH",H,House,DEM,DEMOCRATIC PARTY,CA
2025,P60024049,False,N,[2024],00,0.0,['00'],[2025],False,2024-05-28,False,,,,2024-05-28,2024-06-18,2024-05-29T21:02:17,"AKHLAGHY, AMIRHOSSEIN MR",P,President,NPA,NO PARTY AFFILIATION,US
2022,H2NY05118,False,N,[2022],05,5.0,['05'],[2022],False,2021-05-31,False,,C,Challenger,2023-06-19,2023-06-19,2023-06-20T21:06:51,"AKHLAGHY, NADER",H,House,UN,UNAFFILIATED,NY
2024,P40007304,False,N,"[2022, 2024]",00,0.0,"['00', '00']","[2023, 2024]",False,2022-01-29,False,,C,Challenger,2024-04-01,2024-04-01,2024-04-01T21:00:10,"AKHLAGHY, NADER DR",P,President,REP,REPUBLICAN PARTY,US
2025,P40019226,False,N,[2024],00,0.0,['00'],[2025],False,2024-02-20,False,,,,2024-03-26,2024-03-26,2024-03-27T21:00:57,"AKHLAGHY, NADER DR",P,President,REP,REPUBLICAN PARTY,US
2024,S4MA00317,False,N,[2024],00,0.0,['00'],[2024],False,2023-07-22,False,,C,Challenger,2023-07-22,2023-07-22,2023-08-18T21:04:10,"AKIBA, ZAKHAI",S,Senate,REP,REPUBLICAN PARTY,MA
1992,H2CA00062,False,C,[1992],50,50.0,['50'],[1992],False,1991-11-26,True,,O,Open seat,1991-12-26,1991-12-26,2002-03-30T00:00:00,"AKILI, GREGORY THOMAS",H,House,DEM,DEMOCRATIC PARTY,CA
2020,H0NY11102,False,P,"[2020, 2022, 2024]",11,11.0,['11'],[2020],False,2020-07-07,True,,C,Challenger,2020-07-07,2020-07-07,2021-03-29T15:22:09,"AKINDUDE, KEMI",H,House,W,WRITE-IN,NY
2002,H2WY00109,False,P,"[2002, 2004]",01,1.0,['00'],[2002],False,2002-05-15,True,,C,Challenger,2002-05-15,2002-05-15,2002-08-16T00:00:00,"AKIN, GARY",H,House,DEM,DEMOCRATIC PARTY,WY
2006,H4CA44140,False,N,"[2004, 2006]",44,44.0,"['44', '44']","[2004, 2006]",False,,False,,C,Challenger,,,2006-03-30T00:00:00,"AKIN, KEVIN",H,House,PAF,PEACE AND FREEDOM,CA
1996,H4CA35023,False,N,"[1984, 1996]",43,43.0,"['35', '43']","[1984, 1996]",False,,False,,C,Challenger,,,2002-04-02T00:00:00,"AKIN, KEVIN",H,House,PAF,PEACE AND FREEDOM,CA
2018,H8GA13043,False,N,[2018],13,13.0,['13'],[2018],False,,False,,C,Challenger,,,2018-04-13T21:15:47,"AKINKUGBE, FEMI",H,House,REP,REPUBLICAN PARTY,GA
1992,H2CA40043,False,N,[1992],40,40.0,['40'],[1992],False,,False,,C,Challenger,,,2002-03-30T00:00:00,"AKIN, MARGIE",H,House,PAF,PEACE AND FREEDOM,CA
1986,H6GA01018,False,N,[1986],01,1.0,['01'],[1986],False,1986-01-03,False,,C,Challenger,1986-06-24,1986-06-24,2002-03-30T00:00:00,"AKINS, BOBBY RAY SR",H,House,REP,REPUBLICAN PARTY,GA
1986,H6TX21046,False,P,"[1976, 1986, 1988, 1990]",21,21.0,"['21', '21']","[1976, 1986]",False,1977-02-07,True,,C,Challenger,1986-02-10,1986-02-10,2002-03-30T00:00:00,"AKINS, G THANE",H,House,REP,REPUBLICAN PARTY,TX
2018,H8FL17038,False,P,"[2018, 2020]",17,17.0,['17'],[2018],False,2017-10-19,True,,O,Open seat,2017-10-19,2017-10-19,2019-03-27T16:02:41,"AKINS, WILLIAM ALAN",H,House,REP,REPUBLICAN PARTY,FL
2012,H2TN07186,False,N,[2012],07,7.0,['07'],[2012],False,,False,,C,Challenger,,,2012-05-22T21:53:21,"AKIN, WILLIAM RYAN",H,House,IND,INDEPENDENT,TN
2012,H0MO02148,False,P,"[2000, 2002, 2004, 2006, 2008, 2010, 2012, 2014, 2016]",02,2.0,"['02', '02', '02', '02', '02', '02', '02']","[2000, 2002, 2004, 2006, 2008, 2010, 2012]",False,1999-03-05,True,[2012],C,Challenger,2008-12-14,2011-04-13,2013-04-26T09:04:30,"AKIN, W TODD",H,House,REP,REPUBLICAN PARTY,MO
2018,S2MO00429,False,C,"[2012, 2014, 2016, 2018]",00,0.0,"['00', '00']","[2012, 2018]",False,2011-05-18,True,,C,Challenger,2012-11-14,2012-11-14,2018-02-17T09:16:20,"AKIN, W TODD",S,Senate,REP,REPUBLICAN PARTY,MO
