congress,latestAction,number,purpose,type,updateDate,url,description
118,"{'actionDate': '2024-09-25', 'text': 'Amendment SA 3299, not withstanding passage of the bill S.91, agreed to in Senate by Unanimous Consent.'}",3299,To amend the title.,SAMDT,2024-09-27T11:08:18Z,https://api.congress.gov/v3/amendment/118/samdt/3299?format=json,
118,"{'actionDate': '2024-09-25', 'text': 'Amendment SA 3301 agreed to in Senate by Unanimous Consent.'}",3301,To amend the preamble.,SAMDT,2024-09-27T11:08:18Z,https://api.congress.gov/v3/amendment/118/samdt/3301?format=json,
118,"{'actionDate': '2024-09-25', 'text': 'Amendment SA 3300 agreed to in Senate by Unanimous Consent.'}",3300,In the nature of a substitute.,SAMDT,2024-09-27T11:08:18Z,https://api.congress.gov/v3/amendment/118/samdt/3300?format=json,
118,"{'actionDate': '2024-09-25', 'actionTime': '17:53:22', 'text': 'On agreeing to the Fitzgerald amendment (A002) Agreed to without objection.'}",1225,,HAMDT,2024-09-27T14:22:31Z,https://api.congress.gov/v3/amendment/118/hamdt/1225?format=json,"An amendment to change the title of the bill to read ""A bill to amend title 18, United States Code, to prohibit fraud in connection with posting bail.""."
118,"{'actionDate': '2024-09-25', 'actionTime': '16:39:55', 'text': 'On agreeing to the Nunn (IA) amendment (A001) Agreed to by recorded vote: 419 - 1 (Roll no. 451).'}",1220,Amendment adds to the sanction list under section 4 in the bill any Chinese State-Owned Enterprise that knowingly manufactures or distributes any chemicals used in the production of illicit fentanyl.,HAMDT,2024-10-02T08:09:13Z,https://api.congress.gov/v3/amendment/118/hamdt/1220?format=json,An amendment numbered 1 printed in Part B of House Report 118-705 to add to the sanction list under section 4 any Chinese State-Owned Enterprise that knowingly manufactures or distributes any chemicals used in the production of illicit fentanyl.
118,"{'actionDate': '2024-09-25', 'text': 'On agreeing to the Rules amendment (A001) Agreed to without objection.'}",1224,,HAMDT,2024-09-26T08:24:16Z,https://api.congress.gov/v3/amendment/118/hamdt/1224?format=json,"Pursuant to the provisions of H. Res. 1486, in lieu of the amendment in the nature of a substitute recommended by the Committee on the Judiciary now printed in the bill, an amendment in the nature of a substitute consisting of the text of Rules Committee Print 118-51 is considered adopted."
118,"{'actionDate': '2024-09-25', 'actionTime': '13:15:24', 'text': 'On agreeing to the Ogles amendment (A004) Agreed to by voice vote.'}",1223,,HAMDT,2024-09-27T14:14:35Z,https://api.congress.gov/v3/amendment/118/hamdt/1223?format=json,An amendment numbered 4 printed in Part B of House Report 118-705 to require the President to certify that the PRC and CCP have ceased their oppression of the Tibetan people as a condition of terminating sanctions.
118,"{'actionDate': '2024-09-25', 'actionTime': '13:12:09', 'text': 'On agreeing to the Ogles amendment (A003) Agreed to by voice vote.'}",1222,,HAMDT,2024-09-27T14:13:34Z,https://api.congress.gov/v3/amendment/118/hamdt/1222?format=json,An amendment numbered 3 printed in Part B of House Report 118-705 to clarify that alternate members of the Central Committee of the Chinese Communist Party are also subject to the sanctions described in subsection (c) of Section 4.
118,"{'actionDate': '2024-09-25', 'actionTime': '13:04:43', 'text': 'On agreeing to the Amo amendment (A002) Agreed to by voice vote.'}",1221,,HAMDT,2024-09-27T14:11:46Z,https://api.congress.gov/v3/amendment/118/hamdt/1221?format=json,"An amendment numbered 2 printed in Part B of House Report 118-705 to add engaging in efforts to interfere in U.S. federal, state, and local elections to List of Qualifications for ""SANCTIONABLE CONDUCT.""."
118,,3298,,SAMDT,2024-09-26T11:08:19Z,https://api.congress.gov/v3/amendment/118/samdt/3298?format=json,
118,"{'actionDate': '2024-09-24', 'text': 'Amendment SA 3297 agreed to in Senate by Unanimous Consent.'}",3297,In the nature of a substitute.,SAMDT,2024-09-25T11:08:16Z,https://api.congress.gov/v3/amendment/118/samdt/3297?format=json,
118,"{'actionDate': '2024-09-24', 'text': 'Amendment SA 3296 agreed to in Senate by Unanimous Consent.'}",3296,In the nature of a substitute.,SAMDT,2024-09-26T11:08:19Z,https://api.congress.gov/v3/amendment/118/samdt/3296?format=json,
118,"{'actionDate': '2024-09-24', 'text': 'Amendment SA 3295 agreed to in Senate by Unanimous Consent.'}",3295,In the nature of a substitute.,SAMDT,2024-09-26T11:08:19Z,https://api.congress.gov/v3/amendment/118/samdt/3295?format=json,
118,"{'actionDate': '2024-09-24', 'text': 'Amendment SA 3294 agreed to in Senate by Unanimous Consent.'}",3294,In the nature of a substitute.,SAMDT,2024-09-26T11:08:19Z,https://api.congress.gov/v3/amendment/118/samdt/3294?format=json,
118,"{'actionDate': '2024-09-24', 'actionTime': '16:58:35', 'text': 'On agreeing to the LaLota amendment (A016) Agreed to by voice vote.'}",1219,,HAMDT,2024-09-25T16:20:42Z,https://api.congress.gov/v3/amendment/118/hamdt/1219?format=json,An amendment numbered 16 printed in Part D of House Report 118-705 to direct the Secretary of Agriculture to carry out a study on the impacts pine beetles have in the Northeastern region of the United States.
118,"{'actionDate': '2024-09-24', 'actionTime': '16:51:49', 'text': 'On agreeing to the Boebert amendment (A015) Agreed to by voice vote.'}",1218,,HAMDT,2024-09-25T16:19:26Z,https://api.congress.gov/v3/amendment/118/hamdt/1218?format=json,An amendment numbered 15 printed in Part D of House Report 118-705 to require regional foresters to submit a plan for the sale of Christmas trees and firewood on federal lands.
118,"{'actionDate': '2024-09-24', 'actionTime': '16:42:55', 'text': 'On agreeing to the Boebert amendment (A014) Agreed to by voice vote.'}",1217,,HAMDT,2024-09-25T16:18:08Z,https://api.congress.gov/v3/amendment/118/hamdt/1217?format=json,An amendment numbered 14 printed in Part D of House Report 118-705 to require regional foresters to submit a plan through the Collaborative Forest Landscape Restoration Program for the treatment and removal of trees killed by or infested with bark beetles in Western states.
118,"{'actionDate': '2024-09-24', 'actionTime': '16:37:22', 'text': 'On agreeing to the Boebert amendment (A013) Agreed to by voice vote.'}",1216,,HAMDT,2024-09-25T16:16:57Z,https://api.congress.gov/v3/amendment/118/hamdt/1216?format=json,An amendment numbered 13 printed in Part D of House Report 118-705 to ensure grazing is one of the hazardous fuels reduction activities authorized by the bill.
118,"{'actionDate': '2024-09-24', 'actionTime': '16:32:24', 'text': 'On agreeing to the Boebert amendment (A012) Agreed to by voice vote.'}",1215,,HAMDT,2024-09-25T16:13:24Z,https://api.congress.gov/v3/amendment/118/hamdt/1215?format=json,"An amendment numbered 12 printed in Part D of House Report 118-705 to clarify existing authorities may be utilized to prevent wildfires in Fire Regimes IV and V which are located in Colorado, Wyoming, New Mexico, Arizona, California, Utah, Nevada, Oregon, Idaho, Montana, Michigan, Minnesota, Wisconsin, New York, Maine, West Virginia, New Jersey, Rhode Island, Missouri, Louisiana, Mississippi, Indiana, Ohio, Vermont, New Hampshire, Massachusetts, Virginia, North Carolina, Iowa, Florida, and Texas."
118,"{'actionDate': '2024-09-24', 'actionTime': '16:25:21', 'text': 'On agreeing to the Boebert amendment (A011) Agreed to by voice vote.'}",1214,,HAMDT,2024-09-25T16:12:13Z,https://api.congress.gov/v3/amendment/118/hamdt/1214?format=json,"An amendment numbered 11 printed in Part D of House Report 118-705 to allow GNA revenue to be used for reconstruction, repair, and restoration of non-NFS roads necessary to implement GNA projects on federal lands, to allow GNA cooperators to construct new permanent roads on federal lands that is necessary to implement authorized restoration activities and approved by the federal agency through an Environmental Analysis or Categorical Exclusion decision, and to allow GNA cooperators to complete new permanent road construction to replace and decommission existing permanent road(s) that are adversely impacting forest, rangeland, or watershed health."
118,"{'actionDate': '2024-09-24', 'actionTime': '16:19:29', 'text': 'On agreeing to the Valadao amendment (A010) Agreed to by voice vote.'}",1213,,HAMDT,2024-09-25T16:07:36Z,https://api.congress.gov/v3/amendment/118/hamdt/1213?format=json,An amendment numbered 10 printed in Part D of House Report 118-705 to expand public and private forestry and watershed management partnerships by reducing redundancy for existing water source management plans and increasing the number of eligible entities.
118,"{'actionDate': '2024-09-24', 'actionTime': '16:15:03', 'text': 'On agreeing to the Mullin amendment (A009) Agreed to by voice vote.'}",1212,,HAMDT,2024-09-25T16:06:42Z,https://api.congress.gov/v3/amendment/118/hamdt/1212?format=json,An amendment numbered 9 printed in Part D of House Report 118-705 to add artificial intelligence and other decision support tools for use by the Fireshed Center.
118,"{'actionDate': '2024-09-24', 'actionTime': '16:11:42', 'text': 'On agreeing to the Pettersen amendment (A008) Agreed to by voice vote.'}",1211,,HAMDT,2024-09-25T16:05:58Z,https://api.congress.gov/v3/amendment/118/hamdt/1211?format=json,"An amendment numbered 8 printed in Part D of House Report 118-705 to expand nursery and seed capacity work to support reforestation and restoration by state, Tribal, and local governments and institutions of higher education."
118,"{'actionDate': '2024-09-24', 'actionTime': '16:06:15', 'text': 'On agreeing to the Barr amendment (A007) Agreed to by voice vote.'}",1210,,HAMDT,2024-09-25T16:03:14Z,https://api.congress.gov/v3/amendment/118/hamdt/1210?format=json,An amendment numbered 7 printed in Part D of House Report 118-705 to direct the US Forest Service and the Department of the Interior to address reforestation and regeneration issues specific to the White Oak species through the White Oak Initiative and pilot projects.
118,"{'actionDate': '2024-09-24', 'actionTime': '15:59:12', 'text': 'On agreeing to the Harder (CA) amendment (A006) Agreed to by voice vote.'}",1209,,HAMDT,2024-09-25T16:01:49Z,https://api.congress.gov/v3/amendment/118/hamdt/1209?format=json,"An amendment numbered 6 printed in Part D of House Report 118-705 to authorize a Department of Interior Casualty Assistance Program to provide assistance to firefighters and the families of firefighters who were critically injured, ill, or killed in the line-of-duty."
118,"{'actionDate': '2024-09-24', 'actionTime': '15:53:06', 'text': 'On agreeing to the Obernolte amendment (A005) as modified Agreed to by voice vote.'}",1208,,HAMDT,2024-09-25T16:00:34Z,https://api.congress.gov/v3/amendment/118/hamdt/1208?format=json,An amendment numbered 5 printed in Part D of House Report 118-705 to add thermal mid-wave infrared equipped low earth orbit satellites as a prioritized emerging technology for agencies to implement through public-private partnerships for wildfire mitigation and detection.
118,"{'actionDate': '2024-09-24', 'actionTime': '15:47:28', 'text': 'On agreeing to the Garamendi amendment (A004) Agreed to by voice vote.'}",1207,,HAMDT,2024-09-25T15:57:46Z,https://api.congress.gov/v3/amendment/118/hamdt/1207?format=json,"An amendment numbered 4 printed in Part D of House Report 118-705 to clarify that special districts are eligible to participate in the wildfire-related programs authorized under the Healthy Forests Restoration Act of 2003. Also, the amendment clarifies that special districts are eligible to participate in the biochar research and development program established in Sec.301 of H.R.8790. Expands the Good Neighbor Authority to special districts."
118,"{'actionDate': '2024-09-24', 'actionTime': '15:40:34', 'text': 'On agreeing to the Valadao amendment (A003) as modified Agreed to by voice vote.'}",1206,,HAMDT,2024-09-25T15:54:13Z,https://api.congress.gov/v3/amendment/118/hamdt/1206?format=json,An amendment numbered 3 printed in Part D of House Report 118-705 to require the U.S. Forest Service to conduct an evaluation of the container aerial firefighting system (CAFFS) to assess the use of such a system to mitigate and suppress wildfires.
118,"{'actionDate': '2024-09-24', 'actionTime': '15:34:50', 'text': 'On agreeing to the LaMalfa amendment (A002) Agreed to by voice vote.'}",1205,,HAMDT,2024-09-25T15:52:51Z,https://api.congress.gov/v3/amendment/118/hamdt/1205?format=json,"An amendment numbered 2 printed in Part D of House Report 118-705 to direct the United States Forest Service to expand the use of proactive, targeted animal grazing in fuels management programs to reduce wildfire risk."
118,"{'actionDate': '2024-09-24', 'actionTime': '15:27:53', 'text': 'On agreeing to the Molinaro amendment (A001) Agreed to by voice vote.'}",1204,,HAMDT,2024-09-25T15:51:31Z,https://api.congress.gov/v3/amendment/118/hamdt/1204?format=json,An amendment numbered 1 printed in Part D of House Report 118-705 to add consideration of a strategy for reducing the threat of wildfires to wildland firefighters to the fireshed assessment.
118,"{'actionDate': '2024-09-23', 'text': 'Amendment SA 3293 agreed to in Senate by Unanimous Consent.'}",3293,In the nature of a substitute.,SAMDT,2024-09-25T11:08:16Z,https://api.congress.gov/v3/amendment/118/samdt/3293?format=json,
118,"{'actionDate': '2024-09-23', 'text': 'Senate vitiated previous adoption of amendement SA 3292, not withstanding passage of S. 4698, under the order of 9/23/24. (CR S6326)'}",3292,In the nature of a substitute.,SAMDT,2024-09-24T14:10:21Z,https://api.congress.gov/v3/amendment/118/samdt/3292?format=json,
118,"{'actionDate': '2024-09-19', 'actionTime': '17:35:05', 'text': 'On agreeing to the Ogles amendment (A002) Agreed to by voice vote.'}",1203,,HAMDT,2024-09-20T16:20:36Z,https://api.congress.gov/v3/amendment/118/hamdt/1203?format=json,"An amendment numbered 2 printed in Part C of House Report 118-685 to require the Secretary of Homeland Security to report annually to Congress to identify jurisdictions that fail to comply with a request lawfully made by the Department of Homeland Security under section 236 or 287 of the Immigration and Nationality Act (8 U.S.C. 1226 and 1357) to comply with a detainer for, or notify about the release of, an individual."
118,"{'actionDate': '2024-09-19', 'actionTime': '17:30:28', 'text': 'On agreeing to the Ogles amendment (A001) Agreed to by voice vote.'}",1202,,HAMDT,2024-09-20T16:19:43Z,https://api.congress.gov/v3/amendment/118/hamdt/1202?format=json,An amendment numbered 1 printed in Part C of House Report 118-685 to shorten the time frame referenced in Section 3 to a maximum of 60 days.
118,"{'actionDate': '2024-09-19', 'text': 'Amendment SA 3291 agreed to in Senate by Unanimous Consent.'}",3291,In the nature of a substitute.,SAMDT,2024-09-20T11:08:19Z,https://api.congress.gov/v3/amendment/118/samdt/3291?format=json,
118,"{'actionDate': '2024-09-19', 'text': 'On agreeing to the Rules amendment (A001) Agreed to without objection.'}",1201,,HAMDT,2024-09-20T08:09:12Z,https://api.congress.gov/v3/amendment/118/hamdt/1201?format=json,"Pursuant to the provisions of H. Res. 1455, in lieu of the amendment in the nature of a substitute recommended by the Committee on the Financial Services, an amendment in the nature of a substitute consisting of the text of Rules Committee Print 118-48, modified by the amendment printed in Part B is considerated adopted."
118,"{'actionDate': '2024-09-19', 'actionTime': '13:26:32', 'text': 'On agreeing to the Ogles amendment (A003) Agreed to by voice vote.'}",1200,,HAMDT,2024-09-20T16:13:52Z,https://api.congress.gov/v3/amendment/118/hamdt/1200?format=json,"An amendment numbered 3 printed in Part A of House Report 118-685 to specify that the prohibition on discrimination by public universities against religious student organizations based on their leadership standards includes leadership standards regarding religious identity, belief, or practice."
118,"{'actionDate': '2024-09-19', 'actionTime': '13:19:28', 'text': 'On agreeing to the Ogles amendment (A002) Agreed to by voice vote.'}",1199,,HAMDT,2024-09-20T16:13:12Z,https://api.congress.gov/v3/amendment/118/hamdt/1199?format=json,An amendment numbered 2 printed in Part A of House Report 118-685 to express the sense of Congress that acts of violence committed on the campus of an institution of higher education are not protected under the First Amendment to the Constitution.
118,"{'actionDate': '2024-09-19', 'actionTime': '13:14:37', 'text': 'On agreeing to the Molinaro amendment (A001) Agreed to by voice vote.'}",1198,,HAMDT,2024-09-20T16:11:20Z,https://api.congress.gov/v3/amendment/118/hamdt/1198?format=json,"An amendment numbered 1 printed in Part A of House Report 118-685 to add ""religion"" to the definition of political test in the bill."
118,"{'actionDate': '2024-09-19', 'text': 'Amendment SA 3289, under the order of 9/19/24, not having achieved 60 votes in the affirmative, was not agreed to in Senate by Yea-Nay Vote. 47 - 47. Record Vote Number: 247.'}",3289,To rescind funds from the Department of Energy loan programs office.,SAMDT,2024-09-21T11:08:19Z,https://api.congress.gov/v3/amendment/118/samdt/3289?format=json,
118,,3290,,SAMDT,2024-10-04T16:27:29Z,https://api.congress.gov/v3/amendment/118/samdt/3290?format=json,
118,"{'actionDate': '2024-09-18', 'text': 'Amendment SA 3288 agreed to in Senate by Unanimous Consent.'}",3288,In the nature of a substitute.,SAMDT,2024-09-20T11:08:19Z,https://api.congress.gov/v3/amendment/118/samdt/3288?format=json,
118,"{'actionDate': '2024-09-18', 'text': 'On agreeing to the Rules amendment (A001) Agreed to without objection.'}",1197,,HAMDT,2024-09-19T08:09:12Z,https://api.congress.gov/v3/amendment/118/hamdt/1197?format=json,"Pursuant to the provisions of H.Res. 1430, the amendment printed in Part D of House Report 118-656 is considered adopted."
118,"{'actionDate': '2024-09-18', 'text': 'On agreeing to the Rules amendment (A001) Agreed to without objection.'}",1196,,HAMDT,2024-09-19T08:09:12Z,https://api.congress.gov/v3/amendment/118/hamdt/1196?format=json,"Pursuant to the provisions of H. Res. 1455, in lieu of the amendment in the nature of a substitute recommended by the Committee on the Judiciary, an amendment in the nature of a substitute consisting of the text of Rules Committee Print 118-47 is considered adopted."
118,"{'actionDate': '2024-09-18', 'text': 'On agreeing to the Rules amendment (A001) Agreed to without objection.'}",1195,,HAMDT,2024-09-19T08:09:11Z,https://api.congress.gov/v3/amendment/118/hamdt/1195?format=json,"Pursuant to the provisions of H.Res. 1455, the amendment in the nature of a substitute recommended by the Committee on Ways and Means is considered adopted."
118,"{'actionDate': '2024-09-18', 'text': 'On agreeing to the Rules amendment (A001) Agreed to without objection.'}",1194,,HAMDT,2024-09-19T08:09:11Z,https://api.congress.gov/v3/amendment/118/hamdt/1194?format=json,"Pursuant to the provisions of H. Res. 1455, in lieu of the amendment in the nature of a substitute recommended by the Committee on Education and the Workforce now printed in the bill, an amendment in the nature of a substitute consisting of the text of Rules Committee Print 118-50 is considered adopted."
118,,3285,,SAMDT,2024-09-19T11:08:15Z,https://api.congress.gov/v3/amendment/118/samdt/3285?format=json,
118,,3287,,SAMDT,2024-09-19T11:08:15Z,https://api.congress.gov/v3/amendment/118/samdt/3287?format=json,
118,,3286,,SAMDT,2024-09-19T11:08:15Z,https://api.congress.gov/v3/amendment/118/samdt/3286?format=json,
118,,3283,,SAMDT,2024-09-18T11:08:17Z,https://api.congress.gov/v3/amendment/118/samdt/3283?format=json,
118,,3284,,SAMDT,2024-09-18T11:08:17Z,https://api.congress.gov/v3/amendment/118/samdt/3284?format=json,
118,,3279,,SAMDT,2024-09-17T11:08:17Z,https://api.congress.gov/v3/amendment/118/samdt/3279?format=json,
118,,3278,,SAMDT,2024-09-17T11:08:18Z,https://api.congress.gov/v3/amendment/118/samdt/3278?format=json,
118,,3280,,SAMDT,2024-09-17T11:08:17Z,https://api.congress.gov/v3/amendment/118/samdt/3280?format=json,
118,,3282,,SAMDT,2024-09-17T11:08:17Z,https://api.congress.gov/v3/amendment/118/samdt/3282?format=json,
118,,3277,,SAMDT,2024-09-17T11:08:17Z,https://api.congress.gov/v3/amendment/118/samdt/3277?format=json,
118,,3281,,SAMDT,2024-09-17T11:08:17Z,https://api.congress.gov/v3/amendment/118/samdt/3281?format=json,
118,"{'actionDate': '2024-09-12', 'text': 'On agreeing to the Rules amendment (A001) Agreed to without objection.'}",1193,,HAMDT,2024-09-13T13:28:22Z,https://api.congress.gov/v3/amendment/118/hamdt/1193?format=json,"Pursuant to the provisions of H. Res. 1430, the amendment in the nature of a substitute recommended by the Committee on Ways and Means now printed in the bill is considered as adopted."
118,,3268,,SAMDT,2024-09-13T11:08:20Z,https://api.congress.gov/v3/amendment/118/samdt/3268?format=json,
118,,3270,,SAMDT,2024-09-13T11:08:20Z,https://api.congress.gov/v3/amendment/118/samdt/3270?format=json,
118,,3269,,SAMDT,2024-09-13T11:08:20Z,https://api.congress.gov/v3/amendment/118/samdt/3269?format=json,
118,,3273,,SAMDT,2024-09-13T11:08:20Z,https://api.congress.gov/v3/amendment/118/samdt/3273?format=json,
118,,3266,,SAMDT,2024-09-13T11:08:20Z,https://api.congress.gov/v3/amendment/118/samdt/3266?format=json,
118,,3275,,SAMDT,2024-09-13T11:08:20Z,https://api.congress.gov/v3/amendment/118/samdt/3275?format=json,
118,,3267,,SAMDT,2024-09-13T11:08:20Z,https://api.congress.gov/v3/amendment/118/samdt/3267?format=json,
118,,3274,,SAMDT,2024-09-13T11:08:20Z,https://api.congress.gov/v3/amendment/118/samdt/3274?format=json,
118,,3271,,SAMDT,2024-09-13T11:08:20Z,https://api.congress.gov/v3/amendment/118/samdt/3271?format=json,
118,,3272,,SAMDT,2024-09-13T11:08:20Z,https://api.congress.gov/v3/amendment/118/samdt/3272?format=json,
118,,3276,,SAMDT,2024-09-13T11:08:20Z,https://api.congress.gov/v3/amendment/118/samdt/3276?format=json,
118,"{'actionDate': '2024-09-11', 'actionTime': '16:50:30', 'text': 'On agreeing to the Ogles amendment (A001) Agreed to by recorded vote: 403 - 0 (Roll no. 409).'}",1190,,HAMDT,2024-09-12T12:57:30Z,https://api.congress.gov/v3/amendment/118/hamdt/1190?format=json,An amendment numbered 1 printed in Part B of House Report 118-656 to offer a statement of policy in support of Taiwan's full participation at the World Health Organization.
118,"{'actionDate': '2024-09-11', 'actionTime': '14:29:40', 'text': 'On agreeing to the Massie amendment (A003) Agreed to by voice vote.'}",1192,,HAMDT,2024-09-12T13:01:46Z,https://api.congress.gov/v3/amendment/118/hamdt/1192?format=json,An amendment numbered 3 printed in Part B of House Report 118-656 to add to the findings of Congress an outline of the constitutional role for the legislative and executive branches in the treaty-making process.
118,"{'actionDate': '2024-09-11', 'actionTime': '14:22:16', 'text': 'On agreeing to the Foxx amendment (A002) Agreed to by voice vote.'}",1191,,HAMDT,2024-09-12T12:58:26Z,https://api.congress.gov/v3/amendment/118/hamdt/1191?format=json,"An amendment numbered 2 printed in Part B of House Report 118-656 to clarify that no WHO convention, agreement, or treaty should have force or effect in U.S. law before or unless the Senate ratifies said treaty."
118,,3253,,SAMDT,2024-09-12T11:08:22Z,https://api.congress.gov/v3/amendment/118/samdt/3253?format=json,
118,,3254,,SAMDT,2024-09-12T11:08:22Z,https://api.congress.gov/v3/amendment/118/samdt/3254?format=json,
118,,3256,,SAMDT,2024-09-12T11:08:20Z,https://api.congress.gov/v3/amendment/118/samdt/3256?format=json,
118,,3246,,SAMDT,2024-09-12T11:08:21Z,https://api.congress.gov/v3/amendment/118/samdt/3246?format=json,
118,,3259,,SAMDT,2024-09-12T11:08:20Z,https://api.congress.gov/v3/amendment/118/samdt/3259?format=json,
118,,3258,,SAMDT,2024-09-12T11:08:20Z,https://api.congress.gov/v3/amendment/118/samdt/3258?format=json,
118,,3264,,SAMDT,2024-09-12T11:08:21Z,https://api.congress.gov/v3/amendment/118/samdt/3264?format=json,
118,,3263,,SAMDT,2024-09-16T20:10:21Z,https://api.congress.gov/v3/amendment/118/samdt/3263?format=json,
118,,3265,,SAMDT,2024-09-12T11:08:21Z,https://api.congress.gov/v3/amendment/118/samdt/3265?format=json,
118,,3260,,SAMDT,2024-09-12T11:08:20Z,https://api.congress.gov/v3/amendment/118/samdt/3260?format=json,
118,,3257,,SAMDT,2024-09-12T11:08:20Z,https://api.congress.gov/v3/amendment/118/samdt/3257?format=json,
118,,3261,,SAMDT,2024-09-12T11:08:21Z,https://api.congress.gov/v3/amendment/118/samdt/3261?format=json,
118,,3262,,SAMDT,2024-09-12T16:13:14Z,https://api.congress.gov/v3/amendment/118/samdt/3262?format=json,
118,,3251,,SAMDT,2024-09-12T11:08:22Z,https://api.congress.gov/v3/amendment/118/samdt/3251?format=json,
118,,3255,,SAMDT,2024-09-12T11:08:20Z,https://api.congress.gov/v3/amendment/118/samdt/3255?format=json,
118,,3247,,SAMDT,2024-09-12T11:08:21Z,https://api.congress.gov/v3/amendment/118/samdt/3247?format=json,
118,,3244,,SAMDT,2024-09-12T11:08:21Z,https://api.congress.gov/v3/amendment/118/samdt/3244?format=json,
118,,3252,,SAMDT,2024-09-12T11:08:22Z,https://api.congress.gov/v3/amendment/118/samdt/3252?format=json,
118,,3245,,SAMDT,2024-09-12T11:08:21Z,https://api.congress.gov/v3/amendment/118/samdt/3245?format=json,
118,,3249,,SAMDT,2024-09-12T11:08:22Z,https://api.congress.gov/v3/amendment/118/samdt/3249?format=json,
118,,3248,,SAMDT,2024-09-12T11:08:22Z,https://api.congress.gov/v3/amendment/118/samdt/3248?format=json,
118,,3250,,SAMDT,2024-09-12T11:08:22Z,https://api.congress.gov/v3/amendment/118/samdt/3250?format=json,
118,"{'actionDate': '2024-09-10', 'actionTime': '17:53:50', 'text': 'On agreeing to the Mills amendment (A006) Agreed to by voice vote.'}",1189,,HAMDT,2024-09-11T16:08:06Z,https://api.congress.gov/v3/amendment/118/hamdt/1189?format=json,An amendment numbered 6 printed in Part A of House Report 118-656 to require the CCP Initiative to investigate investments made by Chinese companies and subsidiaries listed on the Bureau of Industry and Security's Entity List and the DOD's PRC Military Companies list.
118,"{'actionDate': '2024-09-10', 'actionTime': '17:47:25', 'text': 'On agreeing to the Mills amendment (A005) Agreed to by voice vote.'}",1188,,HAMDT,2024-09-11T16:06:43Z,https://api.congress.gov/v3/amendment/118/hamdt/1188?format=json,An amendment numbered 5 printed in Part A of House Report 118-656 to include an analysis of national security risks on CCP unmanned aircraft and associated elements in the national airspace system.
118,"{'actionDate': '2024-09-10', 'actionTime': '17:42:05', 'text': 'On agreeing to the Molinaro amendment (A004) Agreed to by voice vote.'}",1187,,HAMDT,2024-09-11T16:05:39Z,https://api.congress.gov/v3/amendment/118/hamdt/1187?format=json,An amendment numbered 4 printed in Part A of House Report 118-656 to add to section 2 a requirement to identify intellectual property theft of small businesses by the Chinese Communist Party.
118,"{'actionDate': '2024-09-10', 'actionTime': '17:38:41', 'text': 'On agreeing to the Molinaro amendment (A003) Agreed to by voice vote.'}",1186,,HAMDT,2024-09-11T16:01:30Z,https://api.congress.gov/v3/amendment/118/hamdt/1186?format=json,An amendment numbered 3 printed in Part A of House Report 118-656 to add to the annual report an assessment on the economic loss to the United States as a result of hacking and trade secret theft by the Chinese Communist Party.
118,"{'actionDate': '2024-09-10', 'actionTime': '17:34:24', 'text': 'On agreeing to the Gottheimer amendment (A002) Agreed to by voice vote.'}",1185,,HAMDT,2024-09-11T15:59:21Z,https://api.congress.gov/v3/amendment/118/hamdt/1185?format=json,An amendment numbered 2 printed in Part A of House Report 118-656 to amend the bill's report requirement to include information about CCP's financial intelligence capabilities.
118,"{'actionDate': '2024-09-10', 'actionTime': '17:30:50', 'text': 'On agreeing to the Gottheimer amendment (A001) Agreed to by voice vote.'}",1184,,HAMDT,2024-09-11T15:57:32Z,https://api.congress.gov/v3/amendment/118/hamdt/1184?format=json,An amendment numbered 1 printed in Part A of House Report 118-656 to amend the bill's report requirement to include information about public and private sector cooperation.
118,"{'actionDate': '2024-09-10', 'actionTime': '16:29:47', 'text': 'On agreeing to the Cline amendment (A004) Agreed to by recorded vote: 253 - 151 (Roll no. 406).'}",1181,An amendment numbered 4 printed in Part C of House Report 118-656 to require the Secretary of Homeland Security to report to Congress any institution of higher education that has a relationship with a Confucius Institute or Chinese entity of concern and receives funds from the Department of Homeland Security.,HAMDT,2024-09-12T08:09:13Z,https://api.congress.gov/v3/amendment/118/hamdt/1181?format=json,An amendment numbered 4 printed in Part C of House Report 118-656 to require the Secretary of Homeland Security to report to Congress any institution of higher education that has a relationship with a Confucius Institute or Chinese entity of concern and receives funds from the Department of Homeland Security.
118,"{'actionDate': '2024-09-10', 'actionTime': '15:23:23', 'text': 'On agreeing to the Nunn (IA) amendment (A006) Agreed to by voice vote.'}",1183,,HAMDT,2024-09-11T15:36:13Z,https://api.congress.gov/v3/amendment/118/hamdt/1183?format=json,"An amendment numbered 6 printed in Part C of House Report 118-656 to add the Thousand Talents Program to the list of restricted, ""Chinese Entities of Concern.""."
118,"{'actionDate': '2024-09-10', 'actionTime': '15:19:54', 'text': 'On agreeing to the Cline amendment (A005) Agreed to by voice vote.'}",1182,,HAMDT,2024-09-11T15:32:51Z,https://api.congress.gov/v3/amendment/118/hamdt/1182?format=json,"An amendment numbered 5 printed in Part C of House Report 118-656 to add the Chinese Academy of Sciences to the bill's definition of a ""Chinese entity of concern.""."
118,"{'actionDate': '2024-09-10', 'actionTime': '15:08:17', 'text': 'On agreeing to the Crockett amendment (A003) Agreed to by voice vote.'}",1180,,HAMDT,2024-09-11T15:39:05Z,https://api.congress.gov/v3/amendment/118/hamdt/1180?format=json,"An amendment numbered 3 printed in Part C of House Report 118-656 to add engaging in efforts to interfere in U.S. federal, state, and local elections to List of Qualifications for ""Entities of Concern.""."
118,"{'actionDate': '2024-09-10', 'actionTime': '15:00:46', 'text': 'On agreeing to the Stauber amendment (A002) Agreed to by voice vote.'}",1179,,HAMDT,2024-09-11T15:28:11Z,https://api.congress.gov/v3/amendment/118/hamdt/1179?format=json,"An amendment numbered 2 printed in Part C of House Report 118-656 to amend the definition of ""Chinese entities of concern"" in section 2 to include ""aides, abets, or enables the detention, imprisonment, persecution, or forced labor of Uyghur Muslims.""."
118,"{'actionDate': '2024-09-10', 'actionTime': '14:56:08', 'text': 'On agreeing to the Gottheimer amendment (A001) Agreed to by voice vote.'}",1178,,HAMDT,2024-09-11T15:24:52Z,https://api.congress.gov/v3/amendment/118/hamdt/1178?format=json,"An amendment numbered 1 printed in Part C of House Report 118-656 to add the Delegitimization of U.S.-Taiwan Relations to List of Qualifications for ""Entities of Concern.""."
118,,3239,,SAMDT,2024-09-11T11:08:17Z,https://api.congress.gov/v3/amendment/118/samdt/3239?format=json,
118,,3243,,SAMDT,2024-09-11T11:08:17Z,https://api.congress.gov/v3/amendment/118/samdt/3243?format=json,
118,,3242,,SAMDT,2024-09-11T11:08:17Z,https://api.congress.gov/v3/amendment/118/samdt/3242?format=json,
118,,3237,,SAMDT,2024-09-11T11:08:17Z,https://api.congress.gov/v3/amendment/118/samdt/3237?format=json,
118,,3240,,SAMDT,2024-09-11T11:08:17Z,https://api.congress.gov/v3/amendment/118/samdt/3240?format=json,
118,,3238,,SAMDT,2024-09-11T11:08:17Z,https://api.congress.gov/v3/amendment/118/samdt/3238?format=json,
118,,3241,,SAMDT,2024-09-11T11:08:17Z,https://api.congress.gov/v3/amendment/118/samdt/3241?format=json,
118,"{'actionDate': '2024-08-01', 'text': 'Amendment SA 3224 agreed to in Senate by Unanimous Consent.'}",3224,In the nature of a substitute.,SAMDT,2024-08-03T11:08:17Z,https://api.congress.gov/v3/amendment/118/samdt/3224?format=json,
118,,3221,,SAMDT,2024-08-01T16:36:28Z,https://api.congress.gov/v3/amendment/118/samdt/3221?format=json,
118,,3220,,SAMDT,2024-08-01T16:36:20Z,https://api.congress.gov/v3/amendment/118/samdt/3220?format=json,
118,,3225,,SAMDT,2024-08-01T18:12:48Z,https://api.congress.gov/v3/amendment/118/samdt/3225?format=json,
118,,3219,,SAMDT,2024-08-01T16:36:08Z,https://api.congress.gov/v3/amendment/118/samdt/3219?format=json,
118,,3233,,SAMDT,2024-08-01T19:48:51Z,https://api.congress.gov/v3/amendment/118/samdt/3233?format=json,
118,,3222,,SAMDT,2024-08-01T16:36:39Z,https://api.congress.gov/v3/amendment/118/samdt/3222?format=json,
118,,3235,,SAMDT,2024-08-01T21:00:35Z,https://api.congress.gov/v3/amendment/118/samdt/3235?format=json,
118,,3223,,SAMDT,2024-08-01T17:19:57Z,https://api.congress.gov/v3/amendment/118/samdt/3223?format=json,
118,,3231,,SAMDT,2024-08-01T19:48:24Z,https://api.congress.gov/v3/amendment/118/samdt/3231?format=json,
118,,3228,,SAMDT,2024-08-01T19:47:27Z,https://api.congress.gov/v3/amendment/118/samdt/3228?format=json,
118,,3236,,SAMDT,2024-08-01T21:09:16Z,https://api.congress.gov/v3/amendment/118/samdt/3236?format=json,
118,,3229,,SAMDT,2024-08-01T19:47:50Z,https://api.congress.gov/v3/amendment/118/samdt/3229?format=json,
118,,3217,,SAMDT,2024-08-01T15:58:37Z,https://api.congress.gov/v3/amendment/118/samdt/3217?format=json,
118,,3218,,SAMDT,2024-08-01T15:58:52Z,https://api.congress.gov/v3/amendment/118/samdt/3218?format=json,
118,,3216,,SAMDT,2024-08-01T15:14:53Z,https://api.congress.gov/v3/amendment/118/samdt/3216?format=json,
118,,3227,,SAMDT,2024-08-01T19:47:18Z,https://api.congress.gov/v3/amendment/118/samdt/3227?format=json,
118,,3226,,SAMDT,2024-08-01T19:46:35Z,https://api.congress.gov/v3/amendment/118/samdt/3226?format=json,
118,,3232,,SAMDT,2024-08-01T19:48:37Z,https://api.congress.gov/v3/amendment/118/samdt/3232?format=json,
118,,3234,,SAMDT,2024-09-11T18:59:59Z,https://api.congress.gov/v3/amendment/118/samdt/3234?format=json,
118,,3230,,SAMDT,2024-08-01T19:48:00Z,https://api.congress.gov/v3/amendment/118/samdt/3230?format=json,
118,"{'actionDate': '2024-07-31', 'text': 'Amendment SA 3215 agreed to in Senate by Unanimous Consent.'}",3215,To improve the bill.,SAMDT,2024-08-02T11:08:17Z,https://api.congress.gov/v3/amendment/118/samdt/3215?format=json,
118,,3208,,SAMDT,2024-07-31T16:20:21Z,https://api.congress.gov/v3/amendment/118/samdt/3208?format=json,
118,,3214,,SAMDT,2024-07-31T19:56:45Z,https://api.congress.gov/v3/amendment/118/samdt/3214?format=json,
118,,3209,,SAMDT,2024-07-31T18:07:44Z,https://api.congress.gov/v3/amendment/118/samdt/3209?format=json,
118,,3211,,SAMDT,2024-07-31T18:34:13Z,https://api.congress.gov/v3/amendment/118/samdt/3211?format=json,
118,,3210,,SAMDT,2024-08-13T16:02:54Z,https://api.congress.gov/v3/amendment/118/samdt/3210?format=json,
118,,3207,,SAMDT,2024-07-31T15:45:52Z,https://api.congress.gov/v3/amendment/118/samdt/3207?format=json,
118,,3213,,SAMDT,2024-07-31T19:56:29Z,https://api.congress.gov/v3/amendment/118/samdt/3213?format=json,
118,,3212,,SAMDT,2024-07-31T18:34:22Z,https://api.congress.gov/v3/amendment/118/samdt/3212?format=json,
118,"{'actionDate': '2024-07-30', 'text': 'Amendment SA 3201 agreed to in Senate by Unanimous Consent.'}",3201,In the nature of a substitute.,SAMDT,2024-08-01T11:08:19Z,https://api.congress.gov/v3/amendment/118/samdt/3201?format=json,
118,"{'actionDate': '2024-07-30', 'text': 'Amendment SA 3021 agreed to in Senate by Yea-Nay Vote. 91 - 3. Record Vote Number: 221.'}",3021,In the nature of a substitute.,SAMDT,2024-07-31T15:06:45Z,https://api.congress.gov/v3/amendment/118/samdt/3021?format=json,
118,"{'actionDate': '2024-07-30', 'text': 'Proposed amendment SA 3022 withdrawn in Senate.'}",3022,To add an effective date.,SAMDT,2024-07-30T15:50:59Z,https://api.congress.gov/v3/amendment/118/samdt/3022?format=json,
118,,3195,,SAMDT,2024-07-30T16:54:09Z,https://api.congress.gov/v3/amendment/118/samdt/3195?format=json,
118,,3200,,SAMDT,2024-07-30T19:17:25Z,https://api.congress.gov/v3/amendment/118/samdt/3200?format=json,
118,,3198,,SAMDT,2024-07-30T19:17:00Z,https://api.congress.gov/v3/amendment/118/samdt/3198?format=json,
118,,3196,,SAMDT,2024-07-30T20:57:58Z,https://api.congress.gov/v3/amendment/118/samdt/3196?format=json,
118,,3197,,SAMDT,2024-07-30T23:13:27Z,https://api.congress.gov/v3/amendment/118/samdt/3197?format=json,
118,,3199,,SAMDT,2024-07-30T19:17:13Z,https://api.congress.gov/v3/amendment/118/samdt/3199?format=json,
118,,3205,,SAMDT,2024-07-30T22:44:20Z,https://api.congress.gov/v3/amendment/118/samdt/3205?format=json,
118,,3203,,SAMDT,2024-07-30T22:11:30Z,https://api.congress.gov/v3/amendment/118/samdt/3203?format=json,
118,,3206,,SAMDT,2024-07-30T22:44:31Z,https://api.congress.gov/v3/amendment/118/samdt/3206?format=json,
118,,3204,,SAMDT,2024-07-30T22:39:43Z,https://api.congress.gov/v3/amendment/118/samdt/3204?format=json,
118,,3202,,SAMDT,2024-07-30T21:44:05Z,https://api.congress.gov/v3/amendment/118/samdt/3202?format=json,
118,,3184,,SAMDT,2024-07-29T20:49:13Z,https://api.congress.gov/v3/amendment/118/samdt/3184?format=json,
118,,3182,,SAMDT,2024-07-29T19:30:18Z,https://api.congress.gov/v3/amendment/118/samdt/3182?format=json,
118,,3189,,SAMDT,2024-09-12T15:44:57Z,https://api.congress.gov/v3/amendment/118/samdt/3189?format=json,
118,,3188,,SAMDT,2024-07-29T20:55:02Z,https://api.congress.gov/v3/amendment/118/samdt/3188?format=json,
118,,3181,,SAMDT,2024-07-31T16:02:06Z,https://api.congress.gov/v3/amendment/118/samdt/3181?format=json,
118,,3194,,SAMDT,2024-07-29T23:35:27Z,https://api.congress.gov/v3/amendment/118/samdt/3194?format=json,
118,,3192,,SAMDT,2024-07-29T20:58:31Z,https://api.congress.gov/v3/amendment/118/samdt/3192?format=json,
118,,3193,,SAMDT,2024-07-29T23:35:16Z,https://api.congress.gov/v3/amendment/118/samdt/3193?format=json,
118,,3190,,SAMDT,2024-07-29T20:57:39Z,https://api.congress.gov/v3/amendment/118/samdt/3190?format=json,
118,,3191,,SAMDT,2024-07-30T16:18:01Z,https://api.congress.gov/v3/amendment/118/samdt/3191?format=json,
118,,3186,,SAMDT,2024-07-29T20:49:41Z,https://api.congress.gov/v3/amendment/118/samdt/3186?format=json,
118,,3183,,SAMDT,2024-07-29T20:58:04Z,https://api.congress.gov/v3/amendment/118/samdt/3183?format=json,
118,,3185,,SAMDT,2024-07-29T20:49:26Z,https://api.congress.gov/v3/amendment/118/samdt/3185?format=json,
118,,3187,,SAMDT,2024-07-29T20:54:52Z,https://api.congress.gov/v3/amendment/118/samdt/3187?format=json,
118,"{'actionDate': '2024-07-25', 'text': 'SA 3025 fell when when SA 3024 fell.'}",3025,To add an effective date.,SAMDT,2024-07-27T11:08:20Z,https://api.congress.gov/v3/amendment/118/samdt/3025?format=json,
118,"{'actionDate': '2024-07-25', 'text': 'SA 3024 fell when SA 3023 (the instructions of the motion to refer) fell.'}",3024,To add an effective date.,SAMDT,2024-07-27T11:08:21Z,https://api.congress.gov/v3/amendment/118/samdt/3024?format=json,
118,"{'actionDate': '2024-07-25', 'text': 'SA 3023 fell when cloture invoked on the motion to concur in the House amendment to S. 2073.'}",3023,To add an effective date.,SAMDT,2024-07-27T11:08:21Z,https://api.congress.gov/v3/amendment/118/samdt/3023?format=json,
118,"{'actionDate': '2024-07-25', 'text': 'On agreeing to the Rules amendment (A001) Agreed to without objection.'}",1177,,HAMDT,2024-07-26T08:09:17Z,https://api.congress.gov/v3/amendment/118/hamdt/1177?format=json,"Pursuant to the provisions of H. Res. 1376, the amendment printed in House Report 118-607 is considered adopted."
118,,3179,,SAMDT,2024-07-25T19:54:53Z,https://api.congress.gov/v3/amendment/118/samdt/3179?format=json,
118,,3173,,SAMDT,2024-07-25T17:08:04Z,https://api.congress.gov/v3/amendment/118/samdt/3173?format=json,
118,,3172,,SAMDT,2024-07-25T17:07:31Z,https://api.congress.gov/v3/amendment/118/samdt/3172?format=json,
118,,3170,,SAMDT,2024-07-25T14:29:49Z,https://api.congress.gov/v3/amendment/118/samdt/3170?format=json,
118,,3178,,SAMDT,2024-07-25T19:54:41Z,https://api.congress.gov/v3/amendment/118/samdt/3178?format=json,
118,,3180,,SAMDT,2024-07-25T19:55:05Z,https://api.congress.gov/v3/amendment/118/samdt/3180?format=json,
118,,3177,,SAMDT,2024-09-12T16:13:03Z,https://api.congress.gov/v3/amendment/118/samdt/3177?format=json,
118,,3174,,SAMDT,2024-07-25T17:07:51Z,https://api.congress.gov/v3/amendment/118/samdt/3174?format=json,
118,,3171,,SAMDT,2024-07-25T15:09:47Z,https://api.congress.gov/v3/amendment/118/samdt/3171?format=json,
118,,3175,,SAMDT,2024-07-25T17:08:17Z,https://api.congress.gov/v3/amendment/118/samdt/3175?format=json,
118,,3176,,SAMDT,2024-07-25T17:43:08Z,https://api.congress.gov/v3/amendment/118/samdt/3176?format=json,
118,"{'actionDate': '2024-07-24', 'actionTime': '21:43:32', 'text': 'On agreeing to the Tenney amendment (A052) Failed by recorded vote: 160 - 256, 1 Present (Roll no. 398).'}",1174,,HAMDT,2024-07-26T14:07:47Z,https://api.congress.gov/v3/amendment/118/hamdt/1174?format=json,An amendment numbered 91 printed in Part B of House Report 118-602 to reduce the salary of the Chair of the Council on Environmental Quality Brenda Mallory to $1.
118,"{'actionDate': '2024-07-24', 'actionTime': '21:38:43', 'text': 'On agreeing to the Perry amendment (A048) Agreed to by recorded vote: 210 - 204 (Roll no. 397).'}",1170,,HAMDT,2024-07-26T14:06:59Z,https://api.congress.gov/v3/amendment/118/hamdt/1170?format=json,An amendment numbered 85 printed in Part B of House Report 118-602 to prohibit funds made available by this Act to be used for environmental justice activities.
118,"{'actionDate': '2024-07-24', 'actionTime': '21:35:37', 'text': 'On agreeing to the Perry amendment (A046) Failed by recorded vote: 173 - 243 (Roll no. 396).'}",1168,"Amendment sought to reduce funding for the Council on Environmental Quality by $1,000,000 and apply the savings to the spending reduction account.",HAMDT,2024-07-26T14:06:19Z,https://api.congress.gov/v3/amendment/118/hamdt/1168?format=json,An amendment numbered 83 printed in Part B of House Report 118-602 to eliminate funding for the Council on Environmental Quality and moves the funding to the spending reduction account.
118,"{'actionDate': '2024-07-24', 'actionTime': '21:32:39', 'text': 'On agreeing to the Perry amendment (A045) Failed by recorded vote: 185 - 231 (Roll no. 395).'}",1167,"Amendment sought to prohibit the use of funds for the EPA to take any ""backstop"" actions related to the Chesapeake Bay TMDL.",HAMDT,2024-07-26T14:05:50Z,https://api.congress.gov/v3/amendment/118/hamdt/1167?format=json,"An amendment numbered 82 printed in Part B of House Report 118-602 to prohibit the use of funds for the EPA to take any ""backstop"" actions related to the Chesapeake Bay TMDL."
118,"{'actionDate': '2024-07-24', 'actionTime': '21:29:03', 'text': 'On agreeing to the Perry amendment (A044) Failed by recorded vote: 207 - 211 (Roll no. 394).'}",1166,"Amendment sought to clarify that no funds made available by this Act may be used to give formal notification under, or prepare, propose, implement, administer, or enforce any rule recommendation pursuant to section 115 of the Clean Air Act relating to international air pollution and policy initiatives.",HAMDT,2024-08-16T08:09:14Z,https://api.congress.gov/v3/amendment/118/hamdt/1166?format=json,"An amendment numbered 81 printed in Part B of House Report 118-602 to prohibit the use of funds to give formal notification under, or prepare, propose, implement, administer, or enforce any rule or recommendation pursuant to, section 115 of the Clean Air Act."
118,"{'actionDate': '2024-07-24', 'actionTime': '17:18:55', 'text': 'On agreeing to the Tiffany amendment (A054) Agreed to by voice vote.'}",1176,,HAMDT,2024-07-26T13:55:48Z,https://api.congress.gov/v3/amendment/118/hamdt/1176?format=json,An amendment numbered 93 printed in Part B of House Report 118-602 to strike funding for the removal of roads that are no longer needed.
118,"{'actionDate': '2024-07-24', 'actionTime': '17:12:57', 'text': 'On agreeing to the Tenney amendment (A053) Agreed to by voice vote.'}",1175,,HAMDT,2024-07-26T13:55:03Z,https://api.congress.gov/v3/amendment/118/hamdt/1175?format=json,"An amendment numbered 92 printed in Part B of House Report 118-602 to prohibit funding for Executive Order 14019, relating to Promoting Access to Voting."
118,"{'actionDate': '2024-07-24', 'actionTime': '17:02:15', 'text': 'On agreeing to the Stauber amendment (A051) Agreed to by voice vote.'}",1173,,HAMDT,2024-07-26T13:53:46Z,https://api.congress.gov/v3/amendment/118/hamdt/1173?format=json,An amendment numbered 90 printed in Part B of House Report 118-602 to prohibit any funds from being used to expand the Boundary Waters Canoe Area Wilderness.
118,"{'actionDate': '2024-07-24', 'actionTime': '16:53:33', 'text': 'On agreeing to the Stauber amendment (A050) Agreed to by voice vote.'}",1172,,HAMDT,2024-07-26T13:52:50Z,https://api.congress.gov/v3/amendment/118/hamdt/1172?format=json,An amendment numbered 89 printed in Part B of House Report 118-602 to prohibit any funds being used to designate the Boundary Waters Canoe Area Wilderness as a national monument under the Antiquities Act.
118,"{'actionDate': '2024-07-24', 'actionTime': '16:45:16', 'text': 'On agreeing to the Stauber amendment (A049) Agreed to by voice vote.'}",1171,,HAMDT,2024-07-26T13:52:12Z,https://api.congress.gov/v3/amendment/118/hamdt/1171?format=json,An amendment numbered 88 printed in Part B of House Report 118-602 to ensure States and other cooperating entities that provide search and rescue services on Federal lands can receive reimbursement.
118,"{'actionDate': '2024-07-24', 'actionTime': '16:35:08', 'text': 'On agreeing to the Perry amendment (A047) Agreed to by voice vote.'}",1169,,HAMDT,2024-07-26T13:49:51Z,https://api.congress.gov/v3/amendment/118/hamdt/1169?format=json,An amendment numbered 84 printed in Part B of House Report 118-602 to prohibit the EPA from redesignating the Permian Basin as in nonattainment for ozone.
118,"{'actionDate': '2024-07-24', 'actionTime': '16:06:23', 'text': 'On agreeing to the Palmer amendment (A043) Agreed to by voice vote.'}",1165,,HAMDT,2024-07-26T13:47:01Z,https://api.congress.gov/v3/amendment/118/hamdt/1165?format=json,"An amendment numbered 80 printed in Part B of House Report 118-602 to prohibit funds from being used to implement, administer, or enforce the final rule entitled ""National Emission Standards for Hazardous Air Pollutants: Lime Manufacturing Plants Technology Review""."
118,"{'actionDate': '2024-07-24', 'actionTime': '11:14:35', 'text': 'On agreeing to the Miller (IL) amendment (A035) Failed by recorded vote: 148 - 267, 1 Present (Roll no. 390).'}",1157,,HAMDT,2024-07-26T13:43:30Z,https://api.congress.gov/v3/amendment/118/hamdt/1157?format=json,"An amendment numbered 57 printed in Part B of House Report 118-602 to reduce the salary of Ya-Wei (Jake) Li, Deputy Assistant Administrator for Pesticide Programs, to $1."
118,"{'actionDate': '2024-07-24', 'actionTime': '11:10:51', 'text': 'On agreeing to the Harshbarger amendment (A030) Failed by recorded vote: 174 - 239 (Roll no. 389). (consideration: CR H4875-4876)'}",1152,,HAMDT,2024-07-26T13:42:45Z,https://api.congress.gov/v3/amendment/118/hamdt/1152?format=json,An amendment numbered 45 printed in Part B of House Report 118-602 to prohibit funding for the U.S. Board on Geographic Names.
118,"{'actionDate': '2024-07-24', 'actionTime': '11:06:38', 'text': 'On agreeing to the Brecheen amendment (A023) Agreed to by recorded vote: 211 - 202 (Roll no. 388). (consideration: CR H4875)'}",1145,,HAMDT,2024-07-26T13:42:10Z,https://api.congress.gov/v3/amendment/118/hamdt/1145?format=json,"An amendment numbered 25 printed in Part B of House Report 118-602 to prohibit funding for any diversity, equity, and inclusion program or office."
118,"{'actionDate': '2024-07-24', 'actionTime': '11:01:12', 'text': 'On agreeing to the Brecheen amendment (A022) Failed by recorded vote: 156 - 236 (Roll no. 387). (consideration: CR H4874-4875)'}",1144,"Amendment sought to reduce the account for the Woodrow Wilson International Center for Scholars, Salaries and Expenses by $12 million and apply the savings to the Spending Reduction Account.",HAMDT,2024-07-26T13:41:22Z,https://api.congress.gov/v3/amendment/118/hamdt/1144?format=json,An amendment numbered 24 printed in Part B of House Report 118-602 to defund the Woodrow Wilson International Center for Scholars and moves its $12 million in appropriations to the spending reduction account.
118,"{'actionDate': '2024-07-24', 'actionTime': '10:34:51', 'text': 'On agreeing to the Palmer amendment (A042) Agreed to by voice vote.'}",1164,,HAMDT,2024-07-26T13:40:23Z,https://api.congress.gov/v3/amendment/118/hamdt/1164?format=json,An amendment numbered 79 printed in Part B of House Report 118-602 to prohibit the EPA from using funds to arm agents as part of the agency's criminal enforcement division.
118,"{'actionDate': '2024-07-24', 'actionTime': '10:26:44', 'text': 'On agreeing to the Ogles amendment (A041) Agreed to by voice vote.'}",1163,,HAMDT,2024-07-26T13:39:32Z,https://api.congress.gov/v3/amendment/118/hamdt/1163?format=json,An amendment numbered 78 printed in Part B of House Report 118-602 to prohibit funds to be used by the Environmental Protection Agency for the U.S. Global Change Research Program.
118,"{'actionDate': '2024-07-24', 'actionTime': '10:16:42', 'text': 'On agreeing to the Ogles amendment (A040) Agreed to by voice vote.'}",1162,,HAMDT,2024-07-26T13:38:51Z,https://api.congress.gov/v3/amendment/118/hamdt/1162?format=json,An amendment numbered 77 printed in Part B of House Report 118-602 to prohibit funds for the Environmental Financial Advisory Board of the Environmental Protection Agency.
118,"{'actionDate': '2024-07-24', 'actionTime': '10:13:04', 'text': 'On agreeing to the Ogles amendment (A039) Agreed to by voice vote.'}",1161,,HAMDT,2024-07-26T13:38:12Z,https://api.congress.gov/v3/amendment/118/hamdt/1161?format=json,An amendment numbered 76 printed in Part B of House Report 118-602 to prohibit funds to carry out the provisions of section 50262 of Public Law 117-169 (Inflation Reduction Act).
118,"{'actionDate': '2024-07-24', 'actionTime': '10:04:30', 'text': 'On agreeing to the Obernolte amendment (A038) Agreed to by voice vote.'}",1160,,HAMDT,2024-07-26T13:37:24Z,https://api.congress.gov/v3/amendment/118/hamdt/1160?format=json,An amendment numbered 75 printed in Part B of House Report 118-602 to prohibit any funds made available by this Act from being used by the Environmental Protection Agency to approve a waiver for the California Air Resources Board's In-Use Locomotive Regulation.
118,"{'actionDate': '2024-07-24', 'actionTime': '09:56:58', 'text': 'On agreeing to the Miller (IL) amendment (A037) Agreed to by voice vote.'}",1159,,HAMDT,2024-07-26T13:36:26Z,https://api.congress.gov/v3/amendment/118/hamdt/1159?format=json,"An amendment numbered 73 printed in Part B of House Report 118-602 to prohibit funding for the rule titled ""Control of Air Pollution From New Motor Vehicles: Heavy- Duty Engine and Vehicle Standards.""."
118,"{'actionDate': '2024-07-24', 'actionTime': '09:53:25', 'text': 'On agreeing to the Miller (IL) amendment (A036) Agreed to by voice vote.'}",1158,,HAMDT,2024-07-26T13:35:58Z,https://api.congress.gov/v3/amendment/118/hamdt/1158?format=json,"An amendment numbered 72 printed in Part B of House Report 118-602 to prohibit funding for the Environmental Protection Agency's Justice, Equity, Diversity and Inclusion Workgroup."
118,"{'actionDate': '2024-07-24', 'actionTime': '09:46:33', 'text': 'On agreeing to the McCormick amendment (A034) Agreed to by voice vote.'}",1156,,HAMDT,2024-07-26T13:34:49Z,https://api.congress.gov/v3/amendment/118/hamdt/1156?format=json,An amendment numbered 56 printed in Part B of House Report 118-602 to reduce funding for the Environmental Protection Agency (EPA) Environmental Programs and Management account by $7 million and redirect $5 million to the EPA OIG for increased oversight of the EPA.
118,,3067,,SAMDT,2024-07-24T15:54:42Z,https://api.congress.gov/v3/amendment/118/samdt/3067?format=json,
118,,3066,,SAMDT,2024-07-24T15:54:42Z,https://api.congress.gov/v3/amendment/118/samdt/3066?format=json,
118,,3068,,SAMDT,2024-07-24T15:54:59Z,https://api.congress.gov/v3/amendment/118/samdt/3068?format=json,
118,,3064,,SAMDT,2024-07-24T15:54:42Z,https://api.congress.gov/v3/amendment/118/samdt/3064?format=json,
118,,3062,,SAMDT,2024-07-31T17:30:27Z,https://api.congress.gov/v3/amendment/118/samdt/3062?format=json,
118,,3065,,SAMDT,2024-07-24T15:54:42Z,https://api.congress.gov/v3/amendment/118/samdt/3065?format=json,
118,,3069,,SAMDT,2024-07-24T15:55:16Z,https://api.congress.gov/v3/amendment/118/samdt/3069?format=json,
118,,3057,,SAMDT,2024-07-24T15:03:00Z,https://api.congress.gov/v3/amendment/118/samdt/3057?format=json,
118,,3054,,SAMDT,2024-07-24T15:02:24Z,https://api.congress.gov/v3/amendment/118/samdt/3054?format=json,
118,,3058,,SAMDT,2024-07-24T15:03:12Z,https://api.congress.gov/v3/amendment/118/samdt/3058?format=json,
118,,3050,,SAMDT,2024-07-24T14:18:26Z,https://api.congress.gov/v3/amendment/118/samdt/3050?format=json,
118,,3051,,SAMDT,2024-07-24T15:01:52Z,https://api.congress.gov/v3/amendment/118/samdt/3051?format=json,
118,,3059,,SAMDT,2024-07-24T15:11:46Z,https://api.congress.gov/v3/amendment/118/samdt/3059?format=json,
118,,3070,,SAMDT,2024-07-24T15:55:28Z,https://api.congress.gov/v3/amendment/118/samdt/3070?format=json,
118,,3071,,SAMDT,2024-07-24T15:55:44Z,https://api.congress.gov/v3/amendment/118/samdt/3071?format=json,
118,,3073,,SAMDT,2024-07-24T15:56:23Z,https://api.congress.gov/v3/amendment/118/samdt/3073?format=json,
118,,3072,,SAMDT,2024-07-24T15:56:05Z,https://api.congress.gov/v3/amendment/118/samdt/3072?format=json,
118,,3167,,SAMDT,2024-07-24T23:32:03Z,https://api.congress.gov/v3/amendment/118/samdt/3167?format=json,
118,,3166,,SAMDT,2024-07-24T23:31:49Z,https://api.congress.gov/v3/amendment/118/samdt/3166?format=json,
118,,3168,,SAMDT,2024-07-24T23:35:31Z,https://api.congress.gov/v3/amendment/118/samdt/3168?format=json,
118,,3164,,SAMDT,2024-07-24T23:31:10Z,https://api.congress.gov/v3/amendment/118/samdt/3164?format=json,
118,,3074,,SAMDT,2024-07-24T15:56:42Z,https://api.congress.gov/v3/amendment/118/samdt/3074?format=json,
118,,3165,,SAMDT,2024-07-24T23:31:26Z,https://api.congress.gov/v3/amendment/118/samdt/3165?format=json,
118,,3169,,SAMDT,2024-07-30T22:21:03Z,https://api.congress.gov/v3/amendment/118/samdt/3169?format=json,
118,,3159,,SAMDT,2024-07-24T22:26:48Z,https://api.congress.gov/v3/amendment/118/samdt/3159?format=json,
118,,3158,,SAMDT,2024-07-24T22:26:30Z,https://api.congress.gov/v3/amendment/118/samdt/3158?format=json,
118,,3160,,SAMDT,2024-07-24T22:33:52Z,https://api.congress.gov/v3/amendment/118/samdt/3160?format=json,
118,,3156,,SAMDT,2024-07-24T22:26:07Z,https://api.congress.gov/v3/amendment/118/samdt/3156?format=json,
118,,3155,,SAMDT,2024-07-24T22:25:59Z,https://api.congress.gov/v3/amendment/118/samdt/3155?format=json,
118,,3157,,SAMDT,2024-07-24T22:26:17Z,https://api.congress.gov/v3/amendment/118/samdt/3157?format=json,
118,,3161,,SAMDT,2024-07-24T22:34:07Z,https://api.congress.gov/v3/amendment/118/samdt/3161?format=json,
118,,3152,,SAMDT,2024-07-24T22:25:24Z,https://api.congress.gov/v3/amendment/118/samdt/3152?format=json,
118,,3052,,SAMDT,2024-07-24T15:02:03Z,https://api.congress.gov/v3/amendment/118/samdt/3052?format=json,
118,,3053,,SAMDT,2024-07-24T15:02:13Z,https://api.congress.gov/v3/amendment/118/samdt/3053?format=json,
118,,3055,,SAMDT,2024-07-24T15:02:34Z,https://api.congress.gov/v3/amendment/118/samdt/3055?format=json,
118,,3056,,SAMDT,2024-07-24T15:02:49Z,https://api.congress.gov/v3/amendment/118/samdt/3056?format=json,
118,,3060,,SAMDT,2024-07-24T15:54:01Z,https://api.congress.gov/v3/amendment/118/samdt/3060?format=json,
118,,3061,,SAMDT,2024-07-24T15:53:43Z,https://api.congress.gov/v3/amendment/118/samdt/3061?format=json,
118,,3063,,SAMDT,2024-07-24T15:54:42Z,https://api.congress.gov/v3/amendment/118/samdt/3063?format=json,
118,,3151,,SAMDT,2024-07-24T22:25:16Z,https://api.congress.gov/v3/amendment/118/samdt/3151?format=json,
