additional_bank_names,amendment_chain,amendment_indicator,amendment_version,bank_depository_city,bank_depository_name,bank_depository_state,bank_depository_street_1,bank_depository_street_2,bank_depository_zip,beginning_image_number,candidate_id,candidate_name,cash_on_hand_beginning_period,cash_on_hand_end_period,committee_id,committee_name,committee_type,coverage_end_date,coverage_start_date,csv_url,cycle,debts_owed_by_committee,debts_owed_to_committee,document_description,document_type,document_type_full,election_year,ending_image_number,fec_file_id,file_number,form_category,form_type,house_personal_funds,html_url,is_amended,means_filed,most_recent,most_recent_file_number,net_donations,office,opposition_personal_funds,pages,party,pdf_url,previous_file_number,primary_general_indicator,receipt_date,report_type,report_type_full,report_year,request_type,senate_personal_funds,state,sub_id,total_communication_cost,total_disbursements,total_independent_expenditures,total_individual_contributions,total_receipts,treasurer_name,update_date,fec_url
,,,0.0,,,,,,,201911150300051430,,,,,C00663211,MAD DOG PAC,N,2019-06-30,2019-01-01,,2020,,,RFAI: MID-YEAR REPORT 2019,,,,201911150300051431,,,OTHER,FRQ,,,False,paper,True,,,,,2.0,,https://docquery.fec.gov/pdf/430/201911150300051430/201911150300051430.pdf,0.0,,,MY,MID-YEAR REPORT,2019,2,,,1111520190194679953,,,,,,,2019-11-15,
,,A,,,,,,,,12030782567,,,28.96,389.73,C00483529,JOEL BALAM FOR CONGRESS COMMITTEE,H,2012-03-31,2012-01-01,https://docquery.fec.gov/csv/936/783936.csv,2012,,,APRIL QUARTERLY 2012,,,,,FEC-783936,783936.0,REPORT,F3,,https://docquery.fec.gov/cgi-bin/paper_forms/C00483529/783936/,,paper,True,783936.0,,H,,,,https://docquery.fec.gov/pdf/567/12030782567/12030782567.pdf,,P,,Q1,APRIL QUARTERLY,2012,,,,1043020120009794004,,473.23,,,834.0,"HANNEY, JERE A",2016-11-02,https://docquery.fec.gov/paper/posted/783936.fec
,,,0.0,,,,,,,201803220300001361,,,,,C00637785,D.D. ADAMS FOR CONGRESS,H,2017-09-30,2017-07-01,,2018,,,RFAI: OCTOBER QUARTERLY 2017,,,,201803220300001363,,,OTHER,FRQ,,,False,paper,True,,,H,,3.0,,https://docquery.fec.gov/pdf/361/201803220300001361/201803220300001361.pdf,0.0,,,Q3,OCTOBER QUARTERLY,2017,2,,,1032220180036341892,,,,,,,2018-03-22,
,,A,,,,,,,,10020412146,,,0.0,0.0,C00467761,SUE LOWDEN FOR U S SENATE,S,2010-03-31,2010-01-01,https://docquery.fec.gov/csv/522/732522.csv,2010,0.0,0.0,APRIL QUARTERLY 2010,,,,,FEC-732522,732522.0,REPORT,F3,,https://docquery.fec.gov/cgi-bin/paper_forms/C00467761/732522/,,paper,True,732522.0,,S,,,,https://docquery.fec.gov/pdf/146/10020412146/10020412146.pdf,,P,,Q1,APRIL QUARTERLY,2010,,,,1062320100004347863,,0.0,,,0.0,"BEERS, BOB",2016-11-02,https://docquery.fec.gov/paper/posted/732522.fec
,,N,,,,,,,,82032442559,,,,,C00067231,HUMPAC (AKA AMERICAN MEDICORP GOOD GOV'T CMTE),Q,1982-08-31,,,1982,,,SEPTEMBER MONTHLY 1982,,,,82032442564,,,REPORT,F3X,,,,paper,True,,,,,6.0,,,,P,,M9,SEPTEMBER MONTHLY,1982,,,,3032920021022404304,,500.0,,,5.0,,2002-03-30,
,,A,,,,,,,,12020164867,,,101291.48,98445.4,C00461368,BUCK FOR COLORADO,S,2011-09-30,2011-07-01,https://docquery.fec.gov/csv/060/768060.csv,2012,,,OCTOBER QUARTERLY 2011,,,,,FEC-768060,768060.0,REPORT,F3,,https://docquery.fec.gov/cgi-bin/paper_forms/C00461368/768060/,,paper,True,768060.0,,S,,,,https://docquery.fec.gov/pdf/867/12020164867/12020164867.pdf,,P,,Q3,OCTOBER QUARTERLY,2011,,,,1022420120009458458,,3031.27,,,185.19,"KLEIN, CHERYL DEPUTY TRE",2016-11-02,https://docquery.fec.gov/paper/posted/768060.fec
,,A,,,,,,,,13031062787,,,0.0,5153.5,C00541474,COMMITTEE TO ELECT SHAWN PINKSTON,H,2013-03-07,2013-01-28,https://docquery.fec.gov/csv/970/948970.csv,2014,0.0,0.0,PRE-SPECIAL 2013,,,,13031062791,FEC-948970,948970.0,REPORT,F3,,https://docquery.fec.gov/cgi-bin/paper_forms/C00541474/948970/,,paper,False,,,H,,5.0,,https://docquery.fec.gov/pdf/787/13031062787/13031062787.pdf,,P,,12S,PRE-SPECIAL,2013,,,,1050120130013867828,,12297.5,,,17450.0,"PINKSTON, SHAWN",2016-11-02,https://docquery.fec.gov/paper/posted/948970.fec
,,N,,,,,,,,13031062016,,,94.47,45.04,C00450015,FRIENDS OF LEE FERRELL,H,2013-03-31,2013-01-01,https://docquery.fec.gov/csv/438/870438.csv,2014,6550.0,,APRIL QUARTERLY 2013,,,,13031062020,FEC-870438,870438.0,REPORT,F3,,https://docquery.fec.gov/cgi-bin/paper_forms/C00450015/870438/,,paper,False,,,H,,5.0,,https://docquery.fec.gov/pdf/016/13031062016/13031062016.pdf,,P,,Q1,APRIL QUARTERLY,2013,,,,1050120130013867814,,,,,,"COATES, LARA",2016-11-02,https://docquery.fec.gov/paper/posted/870438.fec
,,N,,,,,,,,82012241439,,,,,C00113662,NEW MEXICANS FOR BILL RICHARDSON,H,1982-06-30,,,1982,,,JULY QUARTERLY 1982,,,,82012241455,,,REPORT,F3,,,,paper,True,,,H,,17.0,,,,P,,Q2,JULY QUARTERLY,1982,,,,3032920021022071170,,25930.0,,,24448.0,,2002-03-30,
,,A,,,,,,,,82012233758,,,,,C00100586,CITIZENS FOR JOHN RARIG,H,1982-04-29,,,1982,,,PRE-PRIMARY 1982,,,,82012233758,,,REPORT,F3,,,,paper,True,,,H,,1.0,,,,P,,12P,PRE-PRIMARY,1982,,,,3032920021022070079,,,,,,,2002-03-30,
,,A,,,,,,,,10030483207,,,366.41,221.19,C00461426,ANGELS FOR JOHN GAY,H,2010-09-30,2010-07-01,https://docquery.fec.gov/csv/895/718895.csv,2010,2250.0,0.0,OCTOBER QUARTERLY 2010,,,,,FEC-718895,718895.0,REPORT,F3,,https://docquery.fec.gov/cgi-bin/paper_forms/C00461426/718895/,,paper,False,,,H,,,,https://docquery.fec.gov/pdf/207/10030483207/10030483207.pdf,,P,,Q3,OCTOBER QUARTERLY,2010,,,,1110820100004848246,,145.22,,,0.0,"RUFFIN, MARY ELAINE",2016-11-02,https://docquery.fec.gov/paper/posted/718895.fec
,,N,,,,,,,,201607070300079703,,,,,C70003165,TEXAS FARM BUREAU,C,2016-06-30,2016-04-01,https://docquery.fec.gov/csv/726/1081726.csv,2016,,,JULY QUARTERLY 2016,,,,201607070300079705,FEC-1081726,1081726.0,REPORT,F7,,https://docquery.fec.gov/cgi-bin/paper_forms/C70003165/1081726/,,paper,True,1081726.0,,,,3.0,,https://docquery.fec.gov/pdf/703/201607070300079703/201607070300079703.pdf,,P,,Q2,JULY QUARTERLY,2016,,,,1070720160028265398,7915.0,,,,,SI E COOK,2016-07-13,https://docquery.fec.gov/paper/posted/1081726.fec
,,A,,,,,,,,13031062424,,,92577.04,92568.15,C00465880,FRIENDS OF SCOTT ROBINSON,H,2013-03-31,2013-01-01,https://docquery.fec.gov/csv/444/870444.csv,2014,,,APRIL QUARTERLY 2013,,,,13031062430,FEC-870444,870444.0,REPORT,F3,,https://docquery.fec.gov/cgi-bin/paper_forms/C00465880/870444/,,paper,False,,,H,,7.0,,https://docquery.fec.gov/pdf/424/13031062424/13031062424.pdf,,P,,Q1,APRIL QUARTERLY,2013,,,,1050120130013867815,,125.0,,,116.11,"ROBINSON, SANDY WILSON",2016-11-02,https://docquery.fec.gov/paper/posted/870444.fec
,,A,,,,,,,,82032433923,,,,,C00123117,UNITED ASSN OF JOURNEYMEN & APPRETICES PLUMBING & PIPEFITTING LOCAL 630 PAC,Q,1981-12-01,,,1982,,,YEAR-END 1981,,,,82032433930,,,REPORT,F3X,,,,paper,True,,,,,8.0,,,,P,,YE,YEAR-END,1981,,,,3032920021022461407,,,,,,,2002-03-30,
,,N,,,,,,,,10030483207,,,366.41,221.19,C00461426,ANGELS FOR JOHN GAY,H,2010-09-30,2010-07-01,https://docquery.fec.gov/csv/895/718895.csv,2010,2250.0,0.0,OCTOBER QUARTERLY 2010,,,,,FEC-718895,718895.0,REPORT,F3,,https://docquery.fec.gov/cgi-bin/paper_forms/C00461426/718895/,,paper,True,718895.0,,H,,,,https://docquery.fec.gov/pdf/207/10030483207/10030483207.pdf,,P,,Q3,OCTOBER QUARTERLY,2010,,,,1110820100004848256,,145.22,,,0.0,"RUFFIN, MARY ELAINE",2016-11-02,https://docquery.fec.gov/paper/posted/718895.fec
,,N,,,,,,,,11030582315,,,221.19,67.47,C00461426,ANGELS FOR JOHN GAY,H,2010-12-31,2010-10-01,https://docquery.fec.gov/csv/559/720559.csv,2010,2250.0,0.0,YEAR-END 2010,,,,,FEC-720559,720559.0,REPORT,F3,,https://docquery.fec.gov/cgi-bin/paper_forms/C00461426/720559/,,paper,True,720559.0,,H,,,,https://docquery.fec.gov/pdf/315/11030582315/11030582315.pdf,,P,,YE,YEAR-END,2010,,,,1032420110005517191,,153.72,,,0.0,"RUFFIN, MARY ELAINE",2016-11-02,https://docquery.fec.gov/paper/posted/720559.fec
,,N,,,,,,,,11030582315,,,221.19,67.47,C00461426,ANGELS FOR JOHN GAY,H,2010-12-31,2010-10-01,https://docquery.fec.gov/csv/559/720559.csv,2010,2250.0,0.0,YEAR-END 2010,,,,,FEC-720559,720559.0,REPORT,F3,,https://docquery.fec.gov/cgi-bin/paper_forms/C00461426/720559/,,paper,False,,,H,,,,https://docquery.fec.gov/pdf/315/11030582315/11030582315.pdf,,P,,YE,YEAR-END,2010,,,,1032420110005517187,,153.72,,,0.0,"RUFFIN, MARY ELAINE",2016-11-02,https://docquery.fec.gov/paper/posted/720559.fec
,,N,,,,,,,,14031332443,,,0.0,0.0,C00567461,DOUTHITT FOR CONGRESS,H,2014-10-15,2014-05-30,https://docquery.fec.gov/csv/909/987909.csv,2014,0.0,0.0,OCTOBER QUARTERLY 2014,,,,,FEC-987909,987909.0,REPORT,F3,,https://docquery.fec.gov/cgi-bin/paper_forms/C00567461/987909/,,paper,True,987909.0,,H,,,,https://docquery.fec.gov/pdf/443/14031332443/14031332443.pdf,,P,,Q3,OCTOBER QUARTERLY,2014,,,,1103020140016264588,,0.0,,,0.0,"DOUTHITT, SHARON E",2016-11-02,https://docquery.fec.gov/paper/posted/987909.fec
,,A,,,,,,,,13031062787,,,0.0,5153.5,C00541474,COMMITTEE TO ELECT SHAWN PINKSTON,H,2013-03-07,2013-01-28,https://docquery.fec.gov/csv/970/948970.csv,2014,0.0,0.0,PRE-SPECIAL 2013,,,,13031062791,FEC-948970,948970.0,REPORT,F3,,https://docquery.fec.gov/cgi-bin/paper_forms/C00541474/948970/,,paper,False,,,H,,5.0,,https://docquery.fec.gov/pdf/787/13031062787/13031062787.pdf,,P,,12S,PRE-SPECIAL,2013,,,,1050320130013879958,,12297.5,,,17450.0,"PINKSTON, SHAWN",2016-11-02,https://docquery.fec.gov/paper/posted/948970.fec
,,N,,,,,,,,201607070300079694,,,,,C70001227,CALIFORNIA TEACHERS ASSOCIATION,C,2016-06-30,2016-05-19,https://docquery.fec.gov/csv/800/1081800.csv,2016,,,JULY QUARTERLY 2016,,,,201607070300079697,FEC-1081800,1081800.0,REPORT,F7,,https://docquery.fec.gov/cgi-bin/paper_forms/C70001227/1081800/,,paper,True,1081800.0,,,,4.0,,https://docquery.fec.gov/pdf/694/201607070300079694/201607070300079694.pdf,,P,,Q2,JULY QUARTERLY,2016,,,,1070720160028265397,72257.0,,,,,DAVID B GOLDBERG,2016-07-13,https://docquery.fec.gov/paper/posted/1081800.fec
,,N,,,,,,,,12030703229,,,235.0,235.0,C00465294,CHANGE FOR THE BETTER,N,2011-12-31,2011-12-01,https://docquery.fec.gov/csv/677/758677.csv,2012,0.0,0.0,YEAR-END 2011,,,,12030703234,FEC-758677,758677.0,REPORT,F3X,,https://docquery.fec.gov/cgi-bin/paper_forms/C00465294/758677/,,paper,True,758677.0,,,,6.0,,https://docquery.fec.gov/pdf/229/12030703229/12030703229.pdf,-787850.0,P,,YE,YEAR-END,2011,,,,1011120120009257265,,0.0,,,0.0,"WELBORN, NOLAN P",2012-01-20,https://docquery.fec.gov/paper/posted/758677.fec
,,N,,,,,,,,11030582315,,,221.19,67.47,C00461426,ANGELS FOR JOHN GAY,H,2010-12-31,2010-10-01,https://docquery.fec.gov/csv/559/720559.csv,2010,2250.0,0.0,YEAR-END 2010,,,,,FEC-720559,720559.0,REPORT,F3,,https://docquery.fec.gov/cgi-bin/paper_forms/C00461426/720559/,,paper,False,,,H,,,,https://docquery.fec.gov/pdf/315/11030582315/11030582315.pdf,,P,,YE,YEAR-END,2010,,,,1031820110005483294,,153.72,,,0.0,"RUFFIN, MARY ELAINE",2016-11-02,https://docquery.fec.gov/paper/posted/720559.fec
,,A,,,,,,,,14031331947,,,4684.89,5857.98,C00564831,REDPATH FOR CONGRESS,H,2014-10-15,2014-10-01,https://docquery.fec.gov/csv/204/993204.csv,2014,0.0,0.0,PRE-GENERAL 2014,,,,,FEC-993204,993204.0,REPORT,F3,,https://docquery.fec.gov/cgi-bin/paper_forms/C00564831/993204/,,paper,True,993204.0,,H,,,,https://docquery.fec.gov/pdf/947/14031331947/14031331947.pdf,,P,,12G,PRE-GENERAL,2014,,,,1102920140016261896,,151.91,,,1325.0,"REDPATH, WILLIAM B",2016-11-02,https://docquery.fec.gov/paper/posted/993204.fec
,,A,,,,,,,,13031062787,,,0.0,5153.5,C00541474,COMMITTEE TO ELECT SHAWN PINKSTON,H,2013-03-07,2013-01-28,https://docquery.fec.gov/csv/970/948970.csv,2014,0.0,0.0,PRE-SPECIAL 2013,,,,13031062791,FEC-948970,948970.0,REPORT,F3,,https://docquery.fec.gov/cgi-bin/paper_forms/C00541474/948970/,,paper,True,948970.0,,H,,5.0,,https://docquery.fec.gov/pdf/787/13031062787/13031062787.pdf,,P,,12S,PRE-SPECIAL,2013,,,,1050320130013879959,,12297.5,,,17450.0,"PINKSTON, SHAWN",2016-11-02,https://docquery.fec.gov/paper/posted/948970.fec
,,N,,,,,,,,202401220300458323,,,2145.86,3336.86,C00398255,AIKEN ELECTRIC COOPERATIVE INC PAC,Q,2023-12-31,2023-07-01,https://docquery.fec.gov/csv/648/1746648.csv,2024,0.0,0.0,YEAR-END 2023,,,,202401220300458345,FEC-1746648,1746648.0,REPORT,F3X,,https://docquery.fec.gov/cgi-bin/paper_forms/C00398255/1746648/,,paper,True,1746648.0,,,,23.0,,https://docquery.fec.gov/pdf/323/202401220300458323/202401220300458323.pdf,-1115713.0,P,2024-12-22T00:00:00,YE,YEAR-END,2023,,,,1012220240265331230,,8295.0,,,9486.0,"COLLINS, APRIL M",2024-01-29,https://docquery.fec.gov/paper/posted/1746648.fec
,[1815244],N,0.0,,,,,,,202409129675429099,,,43001.05,46821.38,C00507392,"ENCORE CAPITAL GROUP, INC. POLITICAL ACTION COMMITTEE",Q,2024-08-31,2024-08-01,https://docquery.fec.gov/csv/244/1815244.csv,2024,0.0,0.0,SEPTEMBER MONTHLY 2024,,,,202409129675429109,FEC-1815244,1815244.0,REPORT,F3X,,https://docquery.fec.gov/cgi-bin/forms/C00507392/1815244/,False,e-file,True,1815244.0,,,,11.0,,https://docquery.fec.gov/pdf/099/202409129675429099/202409129675429099.pdf,1815244.0,P,2024-09-12T00:00:00,M9,SEPTEMBER MONTHLY,2024,,,,4091220242040553051,,0.0,,,3820.33,"KENDALL, LEO",2024-09-12,https://docquery.fec.gov/dcdev/posted/1815244.fec
,[1815149],N,0.0,,,,,,,202409129675421870,,,135901.43,138668.2,C00370221,GREEN PARTY OF THE UNITED STATES,X,2024-08-31,2024-08-01,https://docquery.fec.gov/csv/149/1815149.csv,2024,0.0,0.0,SEPTEMBER MONTHLY 2024,,,,202409129675421917,FEC-1815149,1815149.0,REPORT,F3X,,https://docquery.fec.gov/cgi-bin/forms/C00370221/1815149/,False,e-file,True,1815149.0,,,,48.0,,https://docquery.fec.gov/pdf/870/202409129675421870/202409129675421870.pdf,1815149.0,P,2024-09-12T00:00:00,M9,SEPTEMBER MONTHLY,2024,,,,4091220242040553025,,24017.82,,,26784.59,"STULLER, ROBERT",2024-09-12,https://docquery.fec.gov/dcdev/posted/1815149.fec
,[1815200],N,0.0,,,,,,,202409129675422864,,,55793.04,54881.46,C00311142,"TROUTMAN PEPPER HAMILTON SANDERS LLP POLITICAL ACTION COMMITTEE, INC.",Q,2024-08-31,2024-08-01,https://docquery.fec.gov/csv/200/1815200.csv,2024,0.0,0.0,SEPTEMBER MONTHLY 2024,,,,202409129675422880,FEC-1815200,1815200.0,REPORT,F3X,,https://docquery.fec.gov/cgi-bin/forms/C00311142/1815200/,False,e-file,True,1815200.0,,,,17.0,,https://docquery.fec.gov/pdf/864/202409129675422864/202409129675422864.pdf,1815200.0,P,2024-09-12T00:00:00,M9,SEPTEMBER MONTHLY,2024,,,,4091220242040553039,,5000.0,,,4088.42,"MARSH, RAGEN",2024-09-12,https://docquery.fec.gov/dcdev/posted/1815200.fec
,"[1798590, 1799126, 1813956, 1815227]",A,3.0,,,,,,,202409129675427350,,,0.0,0.0,C00572602,DAVE GILES FOR CONGRESS,H,2024-06-30,2024-04-01,https://docquery.fec.gov/csv/227/1815227.csv,2024,651606.2,0.0,JULY QUARTERLY 2024,,,,202409129675427817,FEC-1815227,1815227.0,REPORT,F3,,https://docquery.fec.gov/cgi-bin/forms/C00572602/1815227/,False,e-file,True,1815227.0,,H,,468.0,,https://docquery.fec.gov/pdf/350/202409129675427350/202409129675427350.pdf,1813956.0,P,2024-09-12T00:00:00,Q2,JULY QUARTERLY,2024,,,,4091220242040550012,,123615.5,,,123615.5,"WOLFE, DOUG",2024-09-12,https://docquery.fec.gov/dcdev/posted/1815227.fec
,[1815189],N,0.0,,,,,,,202409129675422745,,,,,C00866731,GROWTH DEMOCRATS,V,,,https://docquery.fec.gov/csv/189/1815189.csv,2024,,,48-HOUR REPORT OF INDEPENDENT EXPENDITURES 2024,,,,202409129675422745,FEC-1815189,1815189.0,NOTICE,F24,,https://docquery.fec.gov/cgi-bin/forms/C00866731/1815189/,False,e-file,True,1815189.0,,,,1.0,,https://docquery.fec.gov/pdf/745/202409129675422745/202409129675422745.pdf,1815189.0,,2024-09-12T00:00:00,48,48-HOUR REPORT OF INDEPENDENT EXPENDITURES,2024,,,,4091220242040554034,,,,,,"ARTH, MIKE",2024-09-12,https://docquery.fec.gov/dcdev/posted/1815189.fec
,[1815169],N,0.0,,,,,,,202409129675422425,,,,,C00571703,SENATE LEADERSHIP FUND,O,,,https://docquery.fec.gov/csv/169/1815169.csv,2024,,,48-HOUR REPORT OF INDEPENDENT EXPENDITURES 2024,,,,202409129675422425,FEC-1815169,1815169.0,NOTICE,F24,,https://docquery.fec.gov/cgi-bin/forms/C00571703/1815169/,False,e-file,True,1815169.0,,,,1.0,,https://docquery.fec.gov/pdf/425/202409129675422425/202409129675422425.pdf,1815169.0,,2024-09-12T00:00:00,48,48-HOUR REPORT OF INDEPENDENT EXPENDITURES,2024,,,,4091220242040554028,,,,,,"CROSBY, CALEB",2024-09-12,https://docquery.fec.gov/dcdev/posted/1815169.fec
,[1815131],N,0.0,,,,,,,202409129675421547,,,,,C00671685,AUTISM HEAR US NOW PAC,O,,,https://docquery.fec.gov/csv/131/1815131.csv,2024,,,48-HOUR REPORT OF INDEPENDENT EXPENDITURES 2024,,,,202409129675421550,FEC-1815131,1815131.0,NOTICE,F24,,https://docquery.fec.gov/cgi-bin/forms/C00671685/1815131/,False,e-file,True,1815131.0,,,,4.0,,https://docquery.fec.gov/pdf/547/202409129675421547/202409129675421547.pdf,1815131.0,,2024-09-12T00:00:00,48,48-HOUR REPORT OF INDEPENDENT EXPENDITURES,2024,,,,4091220242040554013,,,,,,"CAPPLEMAN, OLIVER MR",2024-09-12,https://docquery.fec.gov/dcdev/posted/1815131.fec
,[1815205],N,0.0,,,,,,,202409129675425033,,,,,C00822536,HEALTHCARE FOR ACTION PAC,W,,,https://docquery.fec.gov/csv/205/1815205.csv,2024,,,48-HOUR REPORT OF INDEPENDENT EXPENDITURES 2024,,,,202409129675425033,FEC-1815205,1815205.0,NOTICE,F24,,https://docquery.fec.gov/cgi-bin/forms/C00822536/1815205/,False,e-file,True,1815205.0,,,,1.0,,https://docquery.fec.gov/pdf/033/202409129675425033/202409129675425033.pdf,1815205.0,,2024-09-12T00:00:00,48,48-HOUR REPORT OF INDEPENDENT EXPENDITURES,2024,,,,4091220242040554040,,,,,,"MARTELLO, BENJAMIN",2024-09-12,https://docquery.fec.gov/dcdev/posted/1815205.fec
,[1815202],N,0.0,,,,,,,202409129675424948,,,,,C00707844,EDF ACTION VOTES,O,,,https://docquery.fec.gov/csv/202/1815202.csv,2024,,,48-HOUR REPORT OF INDEPENDENT EXPENDITURES 2024,,,,202409129675424952,FEC-1815202,1815202.0,NOTICE,F24,,https://docquery.fec.gov/cgi-bin/forms/C00707844/1815202/,False,e-file,True,1815202.0,,,,5.0,,https://docquery.fec.gov/pdf/948/202409129675424948/202409129675424948.pdf,1815202.0,,2024-09-12T00:00:00,48,48-HOUR REPORT OF INDEPENDENT EXPENDITURES,2024,,,,4091220242040554038,,,,,,"PRATT, JACK",2024-09-12,https://docquery.fec.gov/dcdev/posted/1815202.fec
,[1815237],N,0.0,,,,,,,202409129675429038,,,67325.78,56949.78,C00718056,"TENABLE, INC. POLITICAL ACTION COMMITTEE (TENABLE PAC)",N,2024-08-31,2024-08-01,https://docquery.fec.gov/csv/237/1815237.csv,2024,0.0,0.0,SEPTEMBER MONTHLY 2024,,,,202409129675429050,FEC-1815237,1815237.0,REPORT,F3X,,https://docquery.fec.gov/cgi-bin/forms/C00718056/1815237/,False,e-file,True,1815237.0,,,,13.0,,https://docquery.fec.gov/pdf/038/202409129675429038/202409129675429038.pdf,1815237.0,P,2024-09-12T00:00:00,M9,SEPTEMBER MONTHLY,2024,,,,4091220242040553048,,12500.0,,,2124.0,"SHAPIRO, JILL",2024-09-12,https://docquery.fec.gov/dcdev/posted/1815237.fec
,,,0.0,,,,,,,202409129675421514,,,,,C00783837,BOLD MAJORITY PAC,N,,,https://docquery.fec.gov/csv/105/1815105.csv,2024,,,Miscellaneous Report to FEC 2024,T,Miscellaneous Report to FEC,,202409129675421514,FEC-1815105,1815105.0,OTHER,F99,,https://docquery.fec.gov/cgi-bin/forms/C00783837/1815105/,False,e-file,True,1815105.0,,,,1.0,,https://docquery.fec.gov/pdf/514/202409129675421514/202409129675421514.pdf,0.0,,2024-09-12T00:00:00,,,2024,,,,4091220242040557042,,,,,,"BEGUN, JEREMY",2024-09-12,https://docquery.fec.gov/dcdev/posted/1815105.fec
,"[299231, 449103, 1043166, 1528154, 1815084]",A,4.0,MOUNT PPROSPECT,PNC BANK,IL,1800 S. ELMHURST ROAD,,60056,202409129675421445,,,,,C00383786,AMERICAN SOCIETY OF HOME INSPECTORS ASHI INSPECTPAC,Q,,,https://docquery.fec.gov/csv/084/1815084.csv,2024,,,Statement of Organization 2024,,,,202409129675421448,FEC-1815084,1815084.0,STATEMENT,F1,,https://docquery.fec.gov/cgi-bin/forms/C00383786/1815084/,False,e-file,True,1815084.0,,,,4.0,,https://docquery.fec.gov/pdf/445/202409129675421445/202409129675421445.pdf,1528154.0,,2024-09-12T00:00:00,,,2024,,,,4091220242040547037,,,,,,"THOMAS, JAMES MR",2024-09-12,https://docquery.fec.gov/dcdev/posted/1815084.fec
,"[1751640, 1815083]",A,1.0,,,,,,,202409129675421424,,,53774.94,36649.79,C00656777,JAM PAC,Q,2023-12-31,2023-07-01,https://docquery.fec.gov/csv/083/1815083.csv,2024,0.0,0.0,YEAR-END 2023,,,,202409129675421444,FEC-1815083,1815083.0,REPORT,F3X,,https://docquery.fec.gov/cgi-bin/forms/C00656777/1815083/,False,e-file,True,1815083.0,,,,21.0,,https://docquery.fec.gov/pdf/424/202409129675421424/202409129675421424.pdf,1751640.0,P,2024-09-12T00:00:00,YE,YEAR-END,2023,,,,4091220242040553013,,58520.07,,,41394.92,"KILGORE, PAUL",2024-09-12,https://docquery.fec.gov/dcdev/posted/1815083.fec
,[1815089],N,0.0,COLLINGSWOOD,SANTANDER BANK,NJ,302 HADDON AVE,,08108,202409129675421488,,,,,C00888776,NATIONAL ENVIRONMENTAL JUSTICE LEADERS AND CITIZENS PAC,O,,,https://docquery.fec.gov/csv/089/1815089.csv,2024,,,Statement of Organization 2024,,,,202409129675421492,FEC-1815089,1815089.0,STATEMENT,F1,,https://docquery.fec.gov/cgi-bin/forms/C00888776/1815089/,False,e-file,True,1815089.0,,,,5.0,,https://docquery.fec.gov/pdf/488/202409129675421488/202409129675421488.pdf,1815089.0,,2024-09-12T00:00:00,,,2024,,,,4091220242040547038,,,,,,"JONES, ROY L MR",2024-09-12,https://docquery.fec.gov/dcdev/posted/1815089.fec
,"[1813553, 1815188]",A,1.0,,,,,,,202409129675422743,,,,,C00882381,PEOPLE POWER PENNSYLVANIA,O,,,https://docquery.fec.gov/csv/188/1815188.csv,2024,,,48-HOUR REPORT OF INDEPENDENT EXPENDITURES 2024,,,,202409129675422744,FEC-1815188,1815188.0,NOTICE,F24,,https://docquery.fec.gov/cgi-bin/forms/C00882381/1815188/,False,e-file,True,1815188.0,,,,2.0,,https://docquery.fec.gov/pdf/743/202409129675422743/202409129675422743.pdf,1813553.0,,2024-09-12T00:00:00,48,48-HOUR REPORT OF INDEPENDENT EXPENDITURES,2024,,,,4091220242040554033,,,,,,"PERRONE, VICTORIA",2024-09-12,https://docquery.fec.gov/dcdev/posted/1815188.fec
,[1815165],N,0.0,,,,,,,202409129675422421,,,,,C00487363,AMERICAN CROSSROADS,O,,,https://docquery.fec.gov/csv/165/1815165.csv,2024,,,48-HOUR REPORT OF INDEPENDENT EXPENDITURES 2024,,,,202409129675422422,FEC-1815165,1815165.0,NOTICE,F24,,https://docquery.fec.gov/cgi-bin/forms/C00487363/1815165/,False,e-file,True,1815165.0,,,,2.0,,https://docquery.fec.gov/pdf/421/202409129675422421/202409129675422421.pdf,1815165.0,,2024-09-12T00:00:00,48,48-HOUR REPORT OF INDEPENDENT EXPENDITURES,2024,,,,4091220242040554025,,,,,,"CROSBY, CALEB",2024-09-12,https://docquery.fec.gov/dcdev/posted/1815165.fec
,"[1804999, 1815146]",A,1.0,,,,,,,202409129675421844,,,216644.2,208689.52,C00348607,IMPACT,Q,2024-06-30,2024-06-01,https://docquery.fec.gov/csv/146/1815146.csv,2024,0.0,0.0,JULY MONTHLY 2024,,,,202409129675421864,FEC-1815146,1815146.0,REPORT,F3X,,https://docquery.fec.gov/cgi-bin/forms/C00348607/1815146/,False,e-file,True,1815146.0,,,,21.0,,https://docquery.fec.gov/pdf/844/202409129675421844/202409129675421844.pdf,1804999.0,P,2024-09-12T00:00:00,M7,JULY MONTHLY,2024,,,,4091220242040553024,,65454.68,,,57500.0,"BARRETT, DAVID A.",2024-09-12,https://docquery.fec.gov/dcdev/posted/1815146.fec
,[1815255],N,0.0,,,,,,,202409129675429175,,,,,C00486845,LCV VICTORY FUND,O,,,https://docquery.fec.gov/csv/255/1815255.csv,2024,,,48-HOUR REPORT OF INDEPENDENT EXPENDITURES 2024,,,,202409129675429179,FEC-1815255,1815255.0,NOTICE,F24,,https://docquery.fec.gov/cgi-bin/forms/C00486845/1815255/,False,e-file,True,1815255.0,,,,5.0,,https://docquery.fec.gov/pdf/175/202409129675429175/202409129675429175.pdf,1815255.0,,2024-09-12T00:00:00,48,48-HOUR REPORT OF INDEPENDENT EXPENDITURES,2024,,,,4091220242040554050,,,,,,"SONEKAN, TITI",2024-09-12,https://docquery.fec.gov/dcdev/posted/1815255.fec
,[1815086],N,0.0,,,,,,,202409129675421472,,,29351.33,24143.38,C00762328,FIGHT ON PAC,Q,2024-08-31,2024-08-01,https://docquery.fec.gov/csv/086/1815086.csv,2024,0.0,0.0,SEPTEMBER MONTHLY 2024,,,,202409129675421478,FEC-1815086,1815086.0,REPORT,F3X,,https://docquery.fec.gov/cgi-bin/forms/C00762328/1815086/,False,e-file,True,1815086.0,,,,7.0,,https://docquery.fec.gov/pdf/472/202409129675421472/202409129675421472.pdf,1815086.0,P,2024-09-12T00:00:00,M9,SEPTEMBER MONTHLY,2024,,,,4091220242040553015,,5207.95,,,0.0,"HOBBS, CABELL",2024-09-12,https://docquery.fec.gov/dcdev/posted/1815086.fec
,[1815247],N,0.0,,,,,,,202409129675429117,,,395.22,395.22,C00846410,YR VICTORY FUND,O,2024-06-30,2024-04-01,https://docquery.fec.gov/csv/247/1815247.csv,2024,0.0,0.0,JULY QUARTERLY 2024,,,,202409129675429121,FEC-1815247,1815247.0,REPORT,F3X,,https://docquery.fec.gov/cgi-bin/forms/C00846410/1815247/,False,e-file,True,1815247.0,,,,5.0,,https://docquery.fec.gov/pdf/117/202409129675429117/202409129675429117.pdf,1815247.0,P,2024-09-12T00:00:00,Q2,JULY QUARTERLY,2024,,,,4091220242040553052,,0.0,,,0.0,"PRICHARD, BRANDON",2024-09-12,https://docquery.fec.gov/dcdev/posted/1815247.fec
,"[1788690, 1794019, 1815010]",A,2.0,WASHINGTON,AMALGAMATED BANK,DC,1825 K ST NW,,20006,202409129675419843,,,,,C00880971,ARIZONA POLITICAL INNOVATIONS,V,,,https://docquery.fec.gov/csv/010/1815010.csv,2024,,,Statement of Organization 2024,,,,202409129675419846,FEC-1815010,1815010.0,STATEMENT,F1,,https://docquery.fec.gov/cgi-bin/forms/C00880971/1815010/,False,e-file,True,1815010.0,,,,4.0,,https://docquery.fec.gov/pdf/843/202409129675419843/202409129675419843.pdf,1794019.0,,2024-09-12T00:00:00,,,2024,,,,4091220242040547003,,,,,,"STANGER, HOWIE",2024-09-12,https://docquery.fec.gov/dcdev/posted/1815010.fec
,[1815141],N,0.0,,,,,,,202409129675421592,,,,,C00699801,VETERANS AID PAC,O,,,https://docquery.fec.gov/csv/141/1815141.csv,2024,,,48-HOUR REPORT OF INDEPENDENT EXPENDITURES 2024,,,,202409129675421595,FEC-1815141,1815141.0,NOTICE,F24,,https://docquery.fec.gov/cgi-bin/forms/C00699801/1815141/,False,e-file,True,1815141.0,,,,4.0,,https://docquery.fec.gov/pdf/592/202409129675421592/202409129675421592.pdf,1815141.0,,2024-09-12T00:00:00,48,48-HOUR REPORT OF INDEPENDENT EXPENDITURES,2024,,,,4091220242040554022,,,,,,"CAPPLEMAN, OLIVER",2024-09-12,https://docquery.fec.gov/dcdev/posted/1815141.fec
,"[1788944, 1794029, 1815034]",A,2.0,WASHINGTON,AMALGAMATED BANK,DC,1825 K ST NW,,20006,202409129675419985,,,,,C00881136,TEXAS POLITICAL INNOVATIONS,V,,,https://docquery.fec.gov/csv/034/1815034.csv,2024,,,Statement of Organization 2024,,,,202409129675419988,FEC-1815034,1815034.0,STATEMENT,F1,,https://docquery.fec.gov/cgi-bin/forms/C00881136/1815034/,False,e-file,True,1815034.0,,,,4.0,,https://docquery.fec.gov/pdf/985/202409129675419985/202409129675419985.pdf,1794029.0,,2024-09-12T00:00:00,,,2024,,,,4091220242040547026,,,,,,"STANGER, HOWIE",2024-09-12,https://docquery.fec.gov/dcdev/posted/1815034.fec
,[1815142],N,0.0,,,,,,,202409129675421596,,,,,C00771865,AMERICAN VETERANS SUPPORT GROUP PAC,Q,,,https://docquery.fec.gov/csv/142/1815142.csv,2024,,,48-HOUR REPORT OF INDEPENDENT EXPENDITURES 2024,,,,202409129675421599,FEC-1815142,1815142.0,NOTICE,F24,,https://docquery.fec.gov/cgi-bin/forms/C00771865/1815142/,False,e-file,True,1815142.0,,,,4.0,,https://docquery.fec.gov/pdf/596/202409129675421596/202409129675421596.pdf,1815142.0,,2024-09-12T00:00:00,48,48-HOUR REPORT OF INDEPENDENT EXPENDITURES,2024,,,,4091220242040554023,,,,,,"DERIDDER, PAUL A",2024-09-12,https://docquery.fec.gov/dcdev/posted/1815142.fec
,"[1371795, 1403295, 1489495, 1661272, 1723792, 1815080]",A,5.0,DENVER,WELLS FARGO,CO,1740 BROADWAY,,80203,202409129675421407,,,,,C00735670,REPUBLIC RENEWAL,O,,,https://docquery.fec.gov/csv/080/1815080.csv,2024,,,Statement of Organization 2024,,,,202409129675421411,FEC-1815080,1815080.0,STATEMENT,F1,,https://docquery.fec.gov/cgi-bin/forms/C00735670/1815080/,False,e-file,True,1815080.0,,,,5.0,,https://docquery.fec.gov/pdf/407/202409129675421407/202409129675421407.pdf,1723792.0,,2024-09-12T00:00:00,,,2024,,,,4091220242040547035,,,,,,"PHILLIPS, JUSTIN",2024-09-12,https://docquery.fec.gov/dcdev/posted/1815080.fec
,[1815121],N,0.0,,,,,,,202409129675421521,,,256157.85,234227.9,C00358812,AMERICAN COLLEGE OF NURSE-MIDWIVES MIDWIVES-PAC,Q,2024-08-31,2024-08-01,https://docquery.fec.gov/csv/121/1815121.csv,2024,0.0,0.0,SEPTEMBER MONTHLY 2024,,,,202409129675421529,FEC-1815121,1815121.0,REPORT,F3X,,https://docquery.fec.gov/cgi-bin/forms/C00358812/1815121/,False,e-file,True,1815121.0,,,,9.0,,https://docquery.fec.gov/pdf/521/202409129675421521/202409129675421521.pdf,1815121.0,P,2024-09-12T00:00:00,M9,SEPTEMBER MONTHLY,2024,,,,4091220242040553018,,22129.95,,,200.0,"KOHL, AMY MICHAEL",2024-09-12,https://docquery.fec.gov/dcdev/posted/1815121.fec
,[1815128],N,0.0,,,,,,,202409129675421536,,,72536.02,77385.72,C00563429,MAKING A SENSIBLE SHIFT IN ELECTIONS PAC,Q,2024-08-31,2024-08-01,https://docquery.fec.gov/csv/128/1815128.csv,2024,0.0,0.0,SEPTEMBER MONTHLY 2024,,,,202409129675421542,FEC-1815128,1815128.0,REPORT,F3X,,https://docquery.fec.gov/cgi-bin/forms/C00563429/1815128/,False,e-file,True,1815128.0,,,,7.0,,https://docquery.fec.gov/pdf/536/202409129675421536/202409129675421536.pdf,1815128.0,P,2024-09-12T00:00:00,M9,SEPTEMBER MONTHLY,2024,,,,4091220242040553020,,150.3,,,5000.0,"BROGHAMER, KEVIN",2024-09-12,https://docquery.fec.gov/dcdev/posted/1815128.fec
,"[1403293, 1489486, 1661268, 1815075]",A,3.0,DENVER,WELLS FARGO,CO,1740 BROADWAY,,80274,202409129675421369,,,,,C00744813,DEMOCRATIC PROGRESS,O,,,https://docquery.fec.gov/csv/075/1815075.csv,2024,,,Statement of Organization 2024,,,,202409129675421373,FEC-1815075,1815075.0,STATEMENT,F1,,https://docquery.fec.gov/cgi-bin/forms/C00744813/1815075/,False,e-file,True,1815075.0,,,,5.0,,https://docquery.fec.gov/pdf/369/202409129675421369/202409129675421369.pdf,1661268.0,,2024-09-12T00:00:00,,,2024,,,,4091220242040547034,,,,,,"PHILLIPS, JUSTIN",2024-09-12,https://docquery.fec.gov/dcdev/posted/1815075.fec
,[1815228],N,0.0,,,,,,,202409129675427818,,,56985.25,60876.89,C00104901,AKIN GUMP STRAUSS HAUER & FELD LLP CIVIC ACTION COMMITTEE (AKA AKIN GUMP PAC),Q,2024-08-31,2024-08-01,https://docquery.fec.gov/csv/228/1815228.csv,2024,0.0,0.0,SEPTEMBER MONTHLY 2024,,,,202409129675427845,FEC-1815228,1815228.0,REPORT,F3X,,https://docquery.fec.gov/cgi-bin/forms/C00104901/1815228/,False,e-file,True,1815228.0,,,,28.0,,https://docquery.fec.gov/pdf/818/202409129675427818/202409129675427818.pdf,1815228.0,P,2024-09-12T00:00:00,M9,SEPTEMBER MONTHLY,2024,,,,4091220242040553043,,33000.0,,,36891.64,"VERHOFF, GEOFF",2024-09-12,https://docquery.fec.gov/dcdev/posted/1815228.fec
,"[1699987, 1797900, 1815216]",A,2.0,,,,,,,202409129675425052,,,0.0,0.0,C00572602,DAVE GILES FOR CONGRESS,H,2023-03-31,2023-01-01,https://docquery.fec.gov/csv/216/1815216.csv,2024,558491.23,0.0,APRIL QUARTERLY 2023,,,,202409129675425429,FEC-1815216,1815216.0,REPORT,F3,,https://docquery.fec.gov/cgi-bin/forms/C00572602/1815216/,False,e-file,True,1815216.0,,H,,378.0,,https://docquery.fec.gov/pdf/052/202409129675425052/202409129675425052.pdf,1797900.0,P,2024-09-12T00:00:00,Q1,APRIL QUARTERLY,2023,,,,4091220242040550007,,534.95,,,534.95,"WOLFE, DOUG",2024-09-12,https://docquery.fec.gov/dcdev/posted/1815216.fec
,[1815122],N,0.0,,,,,,,202409129675421530,,,96665.63,94238.74,C00279505,RAIN AND HAIL INSURANCE SOCIETY POLITICAL ACTION COMMITTEE,Q,2024-08-31,2024-08-01,https://docquery.fec.gov/csv/122/1815122.csv,2024,0.0,0.0,SEPTEMBER MONTHLY 2024,,,,202409129675421535,FEC-1815122,1815122.0,REPORT,F3X,,https://docquery.fec.gov/cgi-bin/forms/C00279505/1815122/,False,e-file,True,1815122.0,,,,6.0,,https://docquery.fec.gov/pdf/530/202409129675421530/202409129675421530.pdf,1815122.0,P,2024-09-12T00:00:00,M9,SEPTEMBER MONTHLY,2024,,,,4091220242040553019,,2500.0,,,73.11,"SCHWEER, JOHN",2024-09-12,https://docquery.fec.gov/dcdev/posted/1815122.fec
,[1815151],N,0.0,,,,,,,202409129675421919,,,194276.43,167587.03,C00486928,ALZHEIMERS IMPACT MOVEMENT POLITICAL ACTION COMMITTEE,Q,2024-08-31,2024-08-01,https://docquery.fec.gov/csv/151/1815151.csv,2024,0.0,0.0,SEPTEMBER MONTHLY 2024,,,,202409129675421932,FEC-1815151,1815151.0,REPORT,F3X,,https://docquery.fec.gov/cgi-bin/forms/C00486928/1815151/,False,e-file,True,1815151.0,,,,14.0,,https://docquery.fec.gov/pdf/919/202409129675421919/202409129675421919.pdf,1815151.0,P,2024-09-12T00:00:00,M9,SEPTEMBER MONTHLY,2024,,,,4091220242040553026,,43189.4,,,16500.0,"THOMAS, ROBERT MR.",2024-09-12,https://docquery.fec.gov/dcdev/posted/1815151.fec
,[1815182],N,0.0,,,,,,,202409129675422714,,,1446694.44,1444762.14,C00214981,TEXAS FARM BUREAU AGFUND,Q,2024-08-31,2024-08-01,https://docquery.fec.gov/csv/182/1815182.csv,2024,0.0,0.0,SEPTEMBER MONTHLY 2024,,,,202409129675422733,FEC-1815182,1815182.0,REPORT,F3X,,https://docquery.fec.gov/cgi-bin/forms/C00214981/1815182/,False,e-file,True,1815182.0,,,,20.0,,https://docquery.fec.gov/pdf/714/202409129675422714/202409129675422714.pdf,1815182.0,P,2024-09-12T00:00:00,M9,SEPTEMBER MONTHLY,2024,,,,4091220242040553034,,56753.63,,,54821.33,"COOK, SI E.",2024-09-12,https://docquery.fec.gov/dcdev/posted/1815182.fec
,[1815250],N,0.0,,,,,,,202409129675429129,,,80126.2,97586.5,C00563601,SUPPORTING HOUSE PROBLEM SOLVERS - SHP PAC,Q,2024-08-31,2024-08-01,https://docquery.fec.gov/csv/250/1815250.csv,2024,0.0,0.0,SEPTEMBER MONTHLY 2024,,,,202409129675429137,FEC-1815250,1815250.0,REPORT,F3X,,https://docquery.fec.gov/cgi-bin/forms/C00563601/1815250/,False,e-file,True,1815250.0,,,,9.0,,https://docquery.fec.gov/pdf/129/202409129675429129/202409129675429129.pdf,1815250.0,P,2024-09-12T00:00:00,M9,SEPTEMBER MONTHLY,2024,,,,4091220242040553054,,2039.7,,,19500.0,"FEMIA, NICHOLAS",2024-09-12,https://docquery.fec.gov/dcdev/posted/1815250.fec
,"[1780943, 1794002, 1815031]",A,2.0,WASHINGTON,AMALGAMATED BANK,DC,1825 K ST NW,,20006,202409129675419973,,,,,C00877993,POLITICAL INNOVATIONS PAC,V,,,https://docquery.fec.gov/csv/031/1815031.csv,2024,,,Statement of Organization 2024,,,,202409129675419976,FEC-1815031,1815031.0,STATEMENT,F1,,https://docquery.fec.gov/cgi-bin/forms/C00877993/1815031/,False,e-file,True,1815031.0,,,,4.0,,https://docquery.fec.gov/pdf/973/202409129675419973/202409129675419973.pdf,1794002.0,,2024-09-12T00:00:00,,,2024,,,,4091220242040547023,,,,,,"STANGER, HOWIE",2024-09-12,https://docquery.fec.gov/dcdev/posted/1815031.fec
,[1815254],N,0.0,,,,,,,202409129675429160,,,41217.81,70493.31,C00368332,WASHINGTON WOMEN FOR CHOICE,Q,2024-08-31,2024-08-01,https://docquery.fec.gov/csv/254/1815254.csv,2024,0.0,0.0,SEPTEMBER MONTHLY 2024,,,,202409129675429174,FEC-1815254,1815254.0,REPORT,F3X,,https://docquery.fec.gov/cgi-bin/forms/C00368332/1815254/,False,e-file,True,1815254.0,,,,15.0,,https://docquery.fec.gov/pdf/160/202409129675429160/202409129675429160.pdf,1815254.0,P,2024-09-12T00:00:00,M9,SEPTEMBER MONTHLY,2024,,,,4091220242040553056,,1724.5,,,31000.0,"NEWMAN, TRACY",2024-09-12,https://docquery.fec.gov/dcdev/posted/1815254.fec
,[1815138],N,0.0,,,,,,,202409129675421580,,,,,C00712885,AMERICAN VETERANS INITIATIVE PAC,O,,,https://docquery.fec.gov/csv/138/1815138.csv,2024,,,48-HOUR REPORT OF INDEPENDENT EXPENDITURES 2024,,,,202409129675421583,FEC-1815138,1815138.0,NOTICE,F24,,https://docquery.fec.gov/cgi-bin/forms/C00712885/1815138/,False,e-file,True,1815138.0,,,,4.0,,https://docquery.fec.gov/pdf/580/202409129675421580/202409129675421580.pdf,1815138.0,,2024-09-12T00:00:00,48,48-HOUR REPORT OF INDEPENDENT EXPENDITURES,2024,,,,4091220242040554019,,,,,,"LEAGUE, RICHARD ANDREW MR.",2024-09-12,https://docquery.fec.gov/dcdev/posted/1815138.fec
,"[1813254, 1815099]",,1.0,,,,,,,202409129675421508,,,,,C00783837,BOLD MAJORITY PAC,N,,,https://docquery.fec.gov/csv/099/1815099.csv,2024,,,Multicandidate status 2024,,,,202409129675421508,FEC-1815099,1815099.0,OTHER,F1M,,https://docquery.fec.gov/cgi-bin/forms/C00783837/1815099/,False,e-file,True,1815099.0,,,,1.0,,https://docquery.fec.gov/pdf/508/202409129675421508/202409129675421508.pdf,1813254.0,,2024-09-12T00:00:00,,,2024,,,,4091220242040549000,,,,,,"BEGUN, JEREMY",2024-09-12,https://docquery.fec.gov/dcdev/posted/1815099.fec
,[1815262],N,0.0,,,,,,,202409129675429230,,,,,C00886614,YOUR COMMUNITY PAC,O,,,https://docquery.fec.gov/csv/262/1815262.csv,2024,,,48-HOUR REPORT OF INDEPENDENT EXPENDITURES 2024,,,,202409129675429232,FEC-1815262,1815262.0,NOTICE,F24,,https://docquery.fec.gov/cgi-bin/forms/C00886614/1815262/,False,e-file,True,1815262.0,,,,3.0,,https://docquery.fec.gov/pdf/230/202409129675429230/202409129675429230.pdf,1815262.0,,2024-09-12T00:00:00,48,48-HOUR REPORT OF INDEPENDENT EXPENDITURES,2024,,,,4091220242040554053,,,,,,"TITUS HILBY, ANNE",2024-09-12,https://docquery.fec.gov/dcdev/posted/1815262.fec
,"[1731575, 1815153]",A,1.0,,,,,,,202409129675421933,,,840601.81,748206.19,C00502179,MARK POCAN FOR CONGRESS,H,2023-09-30,2023-07-01,https://docquery.fec.gov/csv/153/1815153.csv,2024,0.0,0.0,OCTOBER QUARTERLY 2023,,,,202409129675422133,FEC-1815153,1815153.0,REPORT,F3,,https://docquery.fec.gov/cgi-bin/forms/C00502179/1815153/,False,e-file,True,1815153.0,,H,,201.0,,https://docquery.fec.gov/pdf/933/202409129675421933/202409129675421933.pdf,1731575.0,P,2024-09-12T00:00:00,Q3,OCTOBER QUARTERLY,2023,,,,4091220242040550005,,223698.85,,,131303.23,"POPE, SONDY",2024-09-12,https://docquery.fec.gov/dcdev/posted/1815153.fec
,"[1788932, 1794028, 1815037]",A,2.0,WASHINGTON,AMALGAMATED BANK,DC,1825 K ST NW,,20006,202409129675419997,,,,,C00881128,WISCONSIN POLITICAL INNOVATIONS,V,,,https://docquery.fec.gov/csv/037/1815037.csv,2024,,,Statement of Organization 2024,,,,202409129675420000,FEC-1815037,1815037.0,STATEMENT,F1,,https://docquery.fec.gov/cgi-bin/forms/C00881128/1815037/,False,e-file,True,1815037.0,,,,4.0,,https://docquery.fec.gov/pdf/997/202409129675419997/202409129675419997.pdf,1794028.0,,2024-09-12T00:00:00,,,2024,,,,4091220242040547029,,,,,,"STANGER, HOWIE",2024-09-12,https://docquery.fec.gov/dcdev/posted/1815037.fec
,[1815213],N,0.0,,,,,,,202409129675425043,,,,,C00042366,DSCC,Y,,,https://docquery.fec.gov/csv/213/1815213.csv,2024,,,48-HOUR REPORT OF INDEPENDENT EXPENDITURES 2024,,,,202409129675425050,FEC-1815213,1815213.0,NOTICE,F24,,https://docquery.fec.gov/cgi-bin/forms/C00042366/1815213/,False,e-file,True,1815213.0,,,,8.0,,https://docquery.fec.gov/pdf/043/202409129675425043/202409129675425043.pdf,1815213.0,,2024-09-12T00:00:00,48,48-HOUR REPORT OF INDEPENDENT EXPENDITURES,2024,,,,4091220242040554041,,,,,,"WRIGHT, ALLISON",2024-09-12,https://docquery.fec.gov/dcdev/posted/1815213.fec
,"[1780941, 1793999, 1815035]",A,2.0,WASHINGTON,AMALGAMATED BANK,DC,1825 K ST NW,,20006,202409129675419989,,,,,C00877985,TEXTING SOLUTIONS PAC,V,,,https://docquery.fec.gov/csv/035/1815035.csv,2024,,,Statement of Organization 2024,,,,202409129675419992,FEC-1815035,1815035.0,STATEMENT,F1,,https://docquery.fec.gov/cgi-bin/forms/C00877985/1815035/,False,e-file,True,1815035.0,,,,4.0,,https://docquery.fec.gov/pdf/989/202409129675419989/202409129675419989.pdf,1793999.0,,2024-09-12T00:00:00,,,2024,,,,4091220242040547027,,,,,,"STANGER, HOWIE",2024-09-12,https://docquery.fec.gov/dcdev/posted/1815035.fec
,[1815058],N,0.0,,,,,,,202409129675421164,,,51184.17,45391.17,C00254656,SUGAR CANE GROWERS COOPERATIVE OF FLORIDA (PAC),Q,2024-08-31,2024-08-01,https://docquery.fec.gov/csv/058/1815058.csv,2024,0.0,0.0,SEPTEMBER MONTHLY 2024,,,,202409129675421173,FEC-1815058,1815058.0,REPORT,F3X,,https://docquery.fec.gov/cgi-bin/forms/C00254656/1815058/,False,e-file,True,1815058.0,,,,10.0,,https://docquery.fec.gov/pdf/164/202409129675421164/202409129675421164.pdf,1815058.0,P,2024-09-12T00:00:00,M9,SEPTEMBER MONTHLY,2024,,,,4091220242040553006,,7000.0,,,1207.0,"BUXTON, RENEE L",2024-09-12,https://docquery.fec.gov/dcdev/posted/1815058.fec
,"[1731952, 1797904, 1813774, 1815220]",A,3.0,,,,,,,202409129675425809,,,0.0,0.0,C00572602,DAVE GILES FOR CONGRESS,H,2023-09-30,2023-07-01,https://docquery.fec.gov/csv/220/1815220.csv,2024,559581.71,0.0,OCTOBER QUARTERLY 2023,,,,202409129675426188,FEC-1815220,1815220.0,REPORT,F3,,https://docquery.fec.gov/cgi-bin/forms/C00572602/1815220/,False,e-file,True,1815220.0,,H,,380.0,,https://docquery.fec.gov/pdf/809/202409129675425809/202409129675425809.pdf,1813774.0,P,2024-09-12T00:00:00,Q3,OCTOBER QUARTERLY,2023,,,,4091220242040550009,,3653.9,,,3653.9,"WOLFE, DOUG",2024-09-12,https://docquery.fec.gov/dcdev/posted/1815220.fec
,[1815168],N,0.0,,,,,,,202409129675422424,,,,,C00571703,SENATE LEADERSHIP FUND,O,,,https://docquery.fec.gov/csv/168/1815168.csv,2024,,,48-HOUR REPORT OF INDEPENDENT EXPENDITURES 2024,,,,202409129675422424,FEC-1815168,1815168.0,NOTICE,F24,,https://docquery.fec.gov/cgi-bin/forms/C00571703/1815168/,False,e-file,True,1815168.0,,,,1.0,,https://docquery.fec.gov/pdf/424/202409129675422424/202409129675422424.pdf,1815168.0,,2024-09-12T00:00:00,48,48-HOUR REPORT OF INDEPENDENT EXPENDITURES,2024,,,,4091220242040554027,,,,,,"CROSBY, CALEB",2024-09-12,https://docquery.fec.gov/dcdev/posted/1815168.fec
,[1815203],N,0.0,,,,,,,202409129675424953,,,,,C00695528,AMERICA'S FUTURE MAJORITY FUND,O,,,https://docquery.fec.gov/csv/203/1815203.csv,2024,,,48-HOUR REPORT OF INDEPENDENT EXPENDITURES 2024,,,,202409129675424953,FEC-1815203,1815203.0,NOTICE,F24,,https://docquery.fec.gov/cgi-bin/forms/C00695528/1815203/,False,e-file,True,1815203.0,,,,1.0,,https://docquery.fec.gov/pdf/953/202409129675424953/202409129675424953.pdf,1815203.0,,2024-09-12T00:00:00,48,48-HOUR REPORT OF INDEPENDENT EXPENDITURES,2024,,,,4091220242040554039,,,,,,"TOMPKINS, MATTHEW",2024-09-12,https://docquery.fec.gov/dcdev/posted/1815203.fec
,"[1794337, 1806247, 1812929, 1814504, 1815015]",A,4.0,,,,,,,202409129675419863,,,112190.11,100408.9,C00191288,DC REPUBLICAN PARTY FEDERAL ACCOUNT,Y,2024-06-30,2024-04-01,https://docquery.fec.gov/csv/015/1815015.csv,2024,0.0,0.0,JULY QUARTERLY 2024,,,,202409129675419912,FEC-1815015,1815015.0,REPORT,F3X,,https://docquery.fec.gov/cgi-bin/forms/C00191288/1815015/,False,e-file,True,1815015.0,,,,50.0,,https://docquery.fec.gov/pdf/863/202409129675419863/202409129675419863.pdf,1814504.0,P,2024-09-12T00:00:00,Q2,JULY QUARTERLY,2024,,,,4091220242040553002,,869571.97,,,857790.76,"NIOSI, GIUSEPPE URBERTO",2024-09-12,https://docquery.fec.gov/dcdev/posted/1815015.fec
,[1815248],N,0.0,,,,,,,202409129675429122,,,11431.1,11668.6,C00695569,SOUTHERN CROP PRODUCTION ASSOCIATION FEDERAL PAC,N,2024-08-31,2024-08-01,https://docquery.fec.gov/csv/248/1815248.csv,2024,0.0,0.0,SEPTEMBER MONTHLY 2024,,,,202409129675429126,FEC-1815248,1815248.0,REPORT,F3X,,https://docquery.fec.gov/cgi-bin/forms/C00695569/1815248/,False,e-file,True,1815248.0,,,,5.0,,https://docquery.fec.gov/pdf/122/202409129675429122/202409129675429122.pdf,1815248.0,P,2024-09-12T00:00:00,M9,SEPTEMBER MONTHLY,2024,,,,4091220242040553053,,12.5,,,250.0,"CAMPBELL, JOHN",2024-09-12,https://docquery.fec.gov/dcdev/posted/1815248.fec
,[1815065],N,0.0,,,,,,,202409129675421206,,,,,C00571588,RESTORATION PAC,O,,,https://docquery.fec.gov/csv/065/1815065.csv,2024,,,48-HOUR REPORT OF INDEPENDENT EXPENDITURES 2024,,,,202409129675421206,FEC-1815065,1815065.0,NOTICE,F24,,https://docquery.fec.gov/cgi-bin/forms/C00571588/1815065/,False,e-file,True,1815065.0,,,,1.0,,https://docquery.fec.gov/pdf/206/202409129675421206/202409129675421206.pdf,1815065.0,,2024-09-12T00:00:00,48,48-HOUR REPORT OF INDEPENDENT EXPENDITURES,2024,,,,4091220242040554005,,,,,,"GASKILL, SHERRY",2024-09-12,https://docquery.fec.gov/dcdev/posted/1815065.fec
,"[1788874, 1794023, 1815023]",A,2.0,WASHINGTON,AMALGAMATED BANK,DC,1825 K ST NW,,20006,202409129675419941,,,,,C00881086,NEVADA POLITICAL INNOVATIONS,V,,,https://docquery.fec.gov/csv/023/1815023.csv,2024,,,Statement of Organization 2024,,,,202409129675419944,FEC-1815023,1815023.0,STATEMENT,F1,,https://docquery.fec.gov/cgi-bin/forms/C00881086/1815023/,False,e-file,True,1815023.0,,,,4.0,,https://docquery.fec.gov/pdf/941/202409129675419941/202409129675419941.pdf,1794023.0,,2024-09-12T00:00:00,,,2024,,,,4091220242040547015,,,,,,"STANGER, HOWIE",2024-09-12,https://docquery.fec.gov/dcdev/posted/1815023.fec
,"[1814320, 1815144]",A,1.0,,,,,,,202409129675421605,,,48648.49,58861.41,C00048579,SALT RIVER VALLEY WATER USERS' ASSOCIATION POLITICAL INVOLVEMENT COMMITTEE ( SRPPIC),Q,2024-08-31,2024-08-01,https://docquery.fec.gov/csv/144/1815144.csv,2024,0.0,0.0,SEPTEMBER MONTHLY 2024,,,,202409129675421839,FEC-1815144,1815144.0,REPORT,F3X,,https://docquery.fec.gov/cgi-bin/forms/C00048579/1815144/,False,e-file,True,1815144.0,,,,235.0,,https://docquery.fec.gov/pdf/605/202409129675421605/202409129675421605.pdf,1814320.0,P,2024-09-12T00:00:00,M9,SEPTEMBER MONTHLY,2024,,,,4091220242040553023,,14730.0,,,24942.92,"FRY, JEREMY T",2024-09-12,https://docquery.fec.gov/dcdev/posted/1815144.fec
,"[1780935, 1793996, 1815032]",A,2.0,WASHINGTON,AMALGAMATED BANK,DC,1825 K ST NW,,20006,202409129675419977,,,,,C00877977,RAPID RECRUIT PAC,V,,,https://docquery.fec.gov/csv/032/1815032.csv,2024,,,Statement of Organization 2024,,,,202409129675419980,FEC-1815032,1815032.0,STATEMENT,F1,,https://docquery.fec.gov/cgi-bin/forms/C00877977/1815032/,False,e-file,True,1815032.0,,,,4.0,,https://docquery.fec.gov/pdf/977/202409129675419977/202409129675419977.pdf,1793996.0,,2024-09-12T00:00:00,,,2024,,,,4091220242040547024,,,,,,"STANGER, HOWIE",2024-09-12,https://docquery.fec.gov/dcdev/posted/1815032.fec
,[1815176],N,0.0,,,,,,,202409129675422503,,,60115.56,54133.46,C00406447,LOUDOUN COUNTY DEMOCRATIC COMMITTEE,Y,2024-08-31,2024-08-01,https://docquery.fec.gov/csv/176/1815176.csv,2024,0.0,0.0,SEPTEMBER MONTHLY 2024,,,,202409129675422539,FEC-1815176,1815176.0,REPORT,F3X,,https://docquery.fec.gov/cgi-bin/forms/C00406447/1815176/,False,e-file,True,1815176.0,,,,37.0,,https://docquery.fec.gov/pdf/503/202409129675422503/202409129675422503.pdf,1815176.0,P,2024-09-12T00:00:00,M9,SEPTEMBER MONTHLY,2024,,,,4091220242040553029,,11235.76,,,5253.66,"SINGH, JAS MR.",2024-09-12,https://docquery.fec.gov/dcdev/posted/1815176.fec
,"[1780442, 1815145]",A,1.0,NEW YORK,AMALGAMATED BANK,NY,275 SEVENTH AVE.,,10001,202409129675421840,,,,,C00877761,SAEF,O,,,https://docquery.fec.gov/csv/145/1815145.csv,2024,,,Statement of Organization 2024,,,,202409129675421843,FEC-1815145,1815145.0,STATEMENT,F1,,https://docquery.fec.gov/cgi-bin/forms/C00877761/1815145/,False,e-file,True,1815145.0,,,,4.0,,https://docquery.fec.gov/pdf/840/202409129675421840/202409129675421840.pdf,1780442.0,,2024-09-12T00:00:00,,,2024,,,,4091220242040547042,,,,,,"MYLES, JOSHUA",2024-09-12,https://docquery.fec.gov/dcdev/posted/1815145.fec
,[1815180],N,0.0,,,,,,,202409129675422612,,,21327.79,27455.71,C00686055,JACKSON HOLDINGS LLC AND JACKSON NATIONAL LIFE INSURANCE COMPANY FEDERAL SSF (JACKSON NATIONAL FEDER,Q,2024-08-31,2024-08-01,https://docquery.fec.gov/csv/180/1815180.csv,2024,0.0,0.0,SEPTEMBER MONTHLY 2024,,,,202409129675422664,FEC-1815180,1815180.0,REPORT,F3X,,https://docquery.fec.gov/cgi-bin/forms/C00686055/1815180/,False,e-file,True,1815180.0,,,,53.0,,https://docquery.fec.gov/pdf/612/202409129675422612/202409129675422612.pdf,1815180.0,P,2024-09-12T00:00:00,M9,SEPTEMBER MONTHLY,2024,,,,4091220242040553032,,9100.0,,,15227.92,"COSTELLO, MICHAEL",2024-09-12,https://docquery.fec.gov/dcdev/posted/1815180.fec
,[1815046],N,0.0,,,,,,,202409129675420084,,,27315.83,27897.95,C00200139,THE HERSHEY COMPANY POLITICAL ACTION COMMITTEE,Q,2024-08-31,2024-08-01,https://docquery.fec.gov/csv/046/1815046.csv,2024,0.0,0.0,SEPTEMBER MONTHLY 2024,,,,202409129675420094,FEC-1815046,1815046.0,REPORT,F3X,,https://docquery.fec.gov/cgi-bin/forms/C00200139/1815046/,False,e-file,True,1815046.0,,,,11.0,,https://docquery.fec.gov/pdf/084/202409129675420084/202409129675420084.pdf,1815046.0,P,2024-09-12T00:00:00,M9,SEPTEMBER MONTHLY,2024,,,,4091220242040553004,,1500.0,,,2082.12,"CERMINARA, PERRY",2024-09-12,https://docquery.fec.gov/dcdev/posted/1815046.fec
,[1815172],N,0.0,,,,,,,202409129675422430,,,532646.18,550344.15,C00393173,COMERICA INCORPORATED POLTICAL ACTION COMMITTEE,Q,2024-08-31,2024-08-01,https://docquery.fec.gov/csv/172/1815172.csv,2024,0.0,0.0,SEPTEMBER MONTHLY 2024,,,,202409129675422501,FEC-1815172,1815172.0,REPORT,F3X,,https://docquery.fec.gov/cgi-bin/forms/C00393173/1815172/,False,e-file,True,1815172.0,,,,72.0,,https://docquery.fec.gov/pdf/430/202409129675422430/202409129675422430.pdf,1815172.0,P,2024-09-12T00:00:00,M9,SEPTEMBER MONTHLY,2024,,,,4091220242040553028,,5000.0,,,22697.97,"DONOHOE, DANIEL",2024-09-12,https://docquery.fec.gov/dcdev/posted/1815172.fec
,[1815134],N,0.0,,,,,,,202409129675421563,,,,,C00758938,POLICE COALITION OF AMERICA PAC,O,,,https://docquery.fec.gov/csv/134/1815134.csv,2024,,,48-HOUR REPORT OF INDEPENDENT EXPENDITURES 2024,,,,202409129675421566,FEC-1815134,1815134.0,NOTICE,F24,,https://docquery.fec.gov/cgi-bin/forms/C00758938/1815134/,False,e-file,True,1815134.0,,,,4.0,,https://docquery.fec.gov/pdf/563/202409129675421563/202409129675421563.pdf,1815134.0,,2024-09-12T00:00:00,48,48-HOUR REPORT OF INDEPENDENT EXPENDITURES,2024,,,,4091220242040554016,,,,,,"LEAGUE, RICHARD",2024-09-12,https://docquery.fec.gov/dcdev/posted/1815134.fec
,[1815088],N,0.0,,,,,,,202409129675421487,,,,,C00053553,NATIONAL RIFLE ASSOCIATION OF AMERICA POLITICAL VICTORY FUND,Q,,,https://docquery.fec.gov/csv/088/1815088.csv,2024,,,48-HOUR REPORT OF INDEPENDENT EXPENDITURES 2024,,,,202409129675421487,FEC-1815088,1815088.0,NOTICE,F24,,https://docquery.fec.gov/cgi-bin/forms/C00053553/1815088/,False,e-file,True,1815088.0,,,,1.0,,https://docquery.fec.gov/pdf/487/202409129675421487/202409129675421487.pdf,1815088.0,,2024-09-12T00:00:00,48,48-HOUR REPORT OF INDEPENDENT EXPENDITURES,2024,,,,4091220242040554009,,,,,,"FUNDERBURK, ZAC",2024-09-12,https://docquery.fec.gov/dcdev/posted/1815088.fec
,[1815178],N,0.0,,,,,,,202409129675422551,,,247474.45,137340.88,C00243659,HY-VEE INC EMPLOYEES' POLITICAL ACTION COMMITTEE,Q,2024-08-31,2024-08-01,https://docquery.fec.gov/csv/178/1815178.csv,2024,0.0,0.0,SEPTEMBER MONTHLY 2024,,,,202409129675422611,FEC-1815178,1815178.0,REPORT,F3X,,https://docquery.fec.gov/cgi-bin/forms/C00243659/1815178/,False,e-file,True,1815178.0,,,,61.0,,https://docquery.fec.gov/pdf/551/202409129675422551/202409129675422551.pdf,1815178.0,P,2024-09-12T00:00:00,M9,SEPTEMBER MONTHLY,2024,,,,4091220242040553030,,131300.0,,,21166.43,"LUKE, ALEX",2024-09-12,https://docquery.fec.gov/dcdev/posted/1815178.fec
,"[1199876, 1233555, 1328501, 1379552, 1437055, 1489480, 1661262, 1815101]",A,7.0,DENVER,WELLS FARGO,CO,1740 BROADWAY,,80274,202409129675421509,,,,,C00667196,UNITE AMERICA REFORM FUND,O,,,https://docquery.fec.gov/csv/101/1815101.csv,2024,,,Statement of Organization 2024,,,,202409129675421513,FEC-1815101,1815101.0,STATEMENT,F1,,https://docquery.fec.gov/cgi-bin/forms/C00667196/1815101/,False,e-file,True,1815101.0,,,,5.0,,https://docquery.fec.gov/pdf/509/202409129675421509/202409129675421509.pdf,1661262.0,,2024-09-12T00:00:00,,,2024,,,,4091220242040547041,,,,,,"PHILLIPS, JUSTIN",2024-09-12,https://docquery.fec.gov/dcdev/posted/1815101.fec
,[1815232],N,0.0,,,,,,,202409129675428312,,,401100.17,426095.27,C00536573,ABBVIE POLITICAL ACTION COMMITTEE,Q,2024-08-31,2024-08-01,https://docquery.fec.gov/csv/232/1815232.csv,2024,0.0,0.0,SEPTEMBER MONTHLY 2024,,,,202409129675428659,FEC-1815232,1815232.0,REPORT,F3X,,https://docquery.fec.gov/cgi-bin/forms/C00536573/1815232/,False,e-file,True,1815232.0,,,,348.0,,https://docquery.fec.gov/pdf/312/202409129675428312/202409129675428312.pdf,1815232.0,P,2024-09-12T00:00:00,M9,SEPTEMBER MONTHLY,2024,,,,4091220242040553045,,67942.33,,,92937.43,"KOLENDA, TIMOTHY",2024-09-12,https://docquery.fec.gov/dcdev/posted/1815232.fec
,"[1788667, 1794012, 1815022]",A,2.0,WASHINGTON,AMALGAMATED BANK,DC,1825 K ST NW,,20006,202409129675419937,,,,,C00880914,NEVADA MOVEMENT LABS,V,,,https://docquery.fec.gov/csv/022/1815022.csv,2024,,,Statement of Organization 2024,,,,202409129675419940,FEC-1815022,1815022.0,STATEMENT,F1,,https://docquery.fec.gov/cgi-bin/forms/C00880914/1815022/,False,e-file,True,1815022.0,,,,4.0,,https://docquery.fec.gov/pdf/937/202409129675419937/202409129675419937.pdf,1794012.0,,2024-09-12T00:00:00,,,2024,,,,4091220242040547014,,,,,,"STANGER, HOWIE",2024-09-12,https://docquery.fec.gov/dcdev/posted/1815022.fec
,"[1788968, 1794034, 1815020]",A,2.0,WASHINGTON,AMALGAMATED BANK,DC,1825 K ST NW,,20006,202409129675419929,,,,,C00881185,MICHIGAN PROGRESS INCUBATOR,V,,,https://docquery.fec.gov/csv/020/1815020.csv,2024,,,Statement of Organization 2024,,,,202409129675419932,FEC-1815020,1815020.0,STATEMENT,F1,,https://docquery.fec.gov/cgi-bin/forms/C00881185/1815020/,False,e-file,True,1815020.0,,,,4.0,,https://docquery.fec.gov/pdf/929/202409129675419929/202409129675419929.pdf,1794034.0,,2024-09-12T00:00:00,,,2024,,,,4091220242040547012,,,,,,"STANGER, HOWIE",2024-09-12,https://docquery.fec.gov/dcdev/posted/1815020.fec
,[1815057],N,0.0,,,,,,,202409129675421157,,,15503.87,17329.89,C00839993,AXIOM SPACE POLITICAL ACTION COMMITTEE,N,2024-08-31,2024-08-01,https://docquery.fec.gov/csv/057/1815057.csv,2024,0.0,0.0,SEPTEMBER MONTHLY 2024,,,,202409129675421163,FEC-1815057,1815057.0,REPORT,F3X,,https://docquery.fec.gov/cgi-bin/forms/C00839993/1815057/,False,e-file,True,1815057.0,,,,7.0,,https://docquery.fec.gov/pdf/157/202409129675421157/202409129675421157.pdf,1815057.0,P,2024-09-12T00:00:00,M9,SEPTEMBER MONTHLY,2024,,,,4091220242040553005,,0.0,,,1826.02,"STOUT, JARED",2024-09-12,https://docquery.fec.gov/dcdev/posted/1815057.fec
,[1815238],N,0.0,,,,,,,202409129675429051,,,50911.44,61336.16,C00625921,AAR CORP. PAC,Q,2024-08-31,2024-08-01,https://docquery.fec.gov/csv/238/1815238.csv,2024,0.0,0.0,SEPTEMBER MONTHLY 2024,,,,202409129675429067,FEC-1815238,1815238.0,REPORT,F3X,,https://docquery.fec.gov/cgi-bin/forms/C00625921/1815238/,False,e-file,True,1815238.0,,,,17.0,,https://docquery.fec.gov/pdf/051/202409129675429051/202409129675429051.pdf,1815238.0,P,2024-09-12T00:00:00,M9,SEPTEMBER MONTHLY,2024,,,,4091220242040553049,,0.0,,,10424.72,"ZITELLA, MARK",2024-09-12,https://docquery.fec.gov/dcdev/posted/1815238.fec
,"[1788886, 1794024, 1815026]",A,2.0,WASHINGTON,AMALGAMATED BANK,DC,1825 K ST NW,,20006,202409129675419953,,,,,C00881094,NORTH CAROLINA POLITICAL INNOVATIONS,V,,,https://docquery.fec.gov/csv/026/1815026.csv,2024,,,Statement of Organization 2024,,,,202409129675419956,FEC-1815026,1815026.0,STATEMENT,F1,,https://docquery.fec.gov/cgi-bin/forms/C00881094/1815026/,False,e-file,True,1815026.0,,,,4.0,,https://docquery.fec.gov/pdf/953/202409129675419953/202409129675419953.pdf,1794024.0,,2024-09-12T00:00:00,,,2024,,,,4091220242040547018,,,,,,"STANGER, HOWIE",2024-09-12,https://docquery.fec.gov/dcdev/posted/1815026.fec
,"[1788956, 1794033, 1815017]",A,2.0,WASHINGTON,AMALGAMATED BANK,DC,1825 K ST NW,,20006,202409129675419917,,,,,C00881169,GEORGIA PROGRESS INCUBATOR,V,,,https://docquery.fec.gov/csv/017/1815017.csv,2024,,,Statement of Organization 2024,,,,202409129675419920,FEC-1815017,1815017.0,STATEMENT,F1,,https://docquery.fec.gov/cgi-bin/forms/C00881169/1815017/,False,e-file,True,1815017.0,,,,4.0,,https://docquery.fec.gov/pdf/917/202409129675419917/202409129675419917.pdf,1794033.0,,2024-09-12T00:00:00,,,2024,,,,4091220242040547009,,,,,,"STANGER, HOWIE",2024-09-12,https://docquery.fec.gov/dcdev/posted/1815017.fec
,"[1788950, 1794032, 1815011]",A,2.0,WASHINGTON,AMALGAMATED BANK,DC,1825 K ST NW,,20006,202409129675419847,,,,,C00881151,ARIZONA PROGRESS INCUBATOR,V,,,https://docquery.fec.gov/csv/011/1815011.csv,2024,,,Statement of Organization 2024,,,,202409129675419850,FEC-1815011,1815011.0,STATEMENT,F1,,https://docquery.fec.gov/cgi-bin/forms/C00881151/1815011/,False,e-file,True,1815011.0,,,,4.0,,https://docquery.fec.gov/pdf/847/202409129675419847/202409129675419847.pdf,1794032.0,,2024-09-12T00:00:00,,,2024,,,,4091220242040547004,,,,,,"STANGER, HOWIE",2024-09-12,https://docquery.fec.gov/dcdev/posted/1815011.fec
,"[1788947, 1794031, 1815013]",A,2.0,WASHINGTON,AMALGAMATED BANK,DC,1825 K ST NW,,20006,202409129675419855,,,,,C00881144,FLORIDA POLITICAL INNOVATIONS,V,,,https://docquery.fec.gov/csv/013/1815013.csv,2024,,,Statement of Organization 2024,,,,202409129675419858,FEC-1815013,1815013.0,STATEMENT,F1,,https://docquery.fec.gov/cgi-bin/forms/C00881144/1815013/,False,e-file,True,1815013.0,,,,4.0,,https://docquery.fec.gov/pdf/855/202409129675419855/202409129675419855.pdf,1794031.0,,2024-09-12T00:00:00,,,2024,,,,4091220242040547006,,,,,,"STANGER, HOWIE",2024-09-12,https://docquery.fec.gov/dcdev/posted/1815013.fec
,"[1788896, 1794026, 1815029]",A,2.0,WASHINGTON,AMALGAMATED BANK,DC,1825 K ST NW,,20006,202409129675419965,,,,,C00881110,PENNSYLVANIA POLITICAL INNOVATIONS,V,,,https://docquery.fec.gov/csv/029/1815029.csv,2024,,,Statement of Organization 2024,,,,202409129675419968,FEC-1815029,1815029.0,STATEMENT,F1,,https://docquery.fec.gov/cgi-bin/forms/C00881110/1815029/,False,e-file,True,1815029.0,,,,4.0,,https://docquery.fec.gov/pdf/965/202409129675419965/202409129675419965.pdf,1794026.0,,2024-09-12T00:00:00,,,2024,,,,4091220242040547021,,,,,,"STANGER, HOWIE",2024-09-12,https://docquery.fec.gov/dcdev/posted/1815029.fec
,[1815263],N,0.0,MCLEAN,CHAIN BRIDGE BANK,VA,1445-A LAUGHLIN AVE,,22101,202409129675429233,,,,,C00888842,PERMIAN RESOURCES CORP POLITICAL ACTION COMMITTEE (PERMIAN RESOURCES CORP PAC) (PERMIAN RESOURCES PAC) (PRPAC),N,,,https://docquery.fec.gov/csv/263/1815263.csv,2024,,,Statement of Organization 2024,,,,202409129675429237,FEC-1815263,1815263.0,STATEMENT,F1,,https://docquery.fec.gov/cgi-bin/forms/C00888842/1815263/,False,e-file,True,1815263.0,,,,5.0,,https://docquery.fec.gov/pdf/233/202409129675429233/202409129675429233.pdf,1815263.0,,2024-09-12T00:00:00,,,2024,,,,4091220242040547056,,,,,,"OLIPHINT, GUY",2024-09-12,https://docquery.fec.gov/dcdev/posted/1815263.fec
,"[-525849, -571829, 839742, 1132174, 1301916, 1317889, 1429730, 1430799, 1533027, 1582365, 1637410, 1814780, 1815239]",A,12.0,WESTERVILLE,JP MORGAN CHASE BANK NA,OH,PO BOX 6185,,43086,202409129675429068,,,,,C00494997,DOWNTOWN FOR DEMOCRACY,O,,,https://docquery.fec.gov/csv/239/1815239.csv,2024,,,Statement of Organization 2024,,,,202409129675429071,FEC-1815239,1815239.0,STATEMENT,F1,,https://docquery.fec.gov/cgi-bin/forms/C00494997/1815239/,False,e-file,True,1815239.0,,,,4.0,,https://docquery.fec.gov/pdf/068/202409129675429068/202409129675429068.pdf,1814780.0,,2024-09-12T00:00:00,,,2024,,,,4091220242040547052,,,,,,"BULLOCK, MICHAEL",2024-09-12,https://docquery.fec.gov/dcdev/posted/1815239.fec
,[1815073],N,0.0,,,,,,,202409129675421366,,,,,C00492140,AB PAC,V,,,https://docquery.fec.gov/csv/073/1815073.csv,2024,,,48-HOUR REPORT OF INDEPENDENT EXPENDITURES 2024,,,,202409129675421368,FEC-1815073,1815073.0,NOTICE,F24,,https://docquery.fec.gov/cgi-bin/forms/C00492140/1815073/,False,e-file,True,1815073.0,,,,3.0,,https://docquery.fec.gov/pdf/366/202409129675421366/202409129675421366.pdf,1815073.0,,2024-09-12T00:00:00,48,48-HOUR REPORT OF INDEPENDENT EXPENDITURES,2024,,,,4091220242040554007,,,,,,"MOLLINEAU, RODELL",2024-09-12,https://docquery.fec.gov/dcdev/posted/1815073.fec
